Data Source Name,File Name,File Path,File Type,Step Name,DD Name,DISP,Program Name,Logical Name,Copybook Record Name,Copybook File Path,Access Type,System Program,Data Source Type
AWS.CCDA.CUSTDATA.CLUSTER,DEFCUST.jcl,aws-mainframe-modernization-carddemo-main/app/jcl/DEFCUST.jcl,JCL,STEP05,,,IDCAMS,,,,,Yes,Dataset
AWS.CUSTDATA.CLUSTER,DEFCUST.jcl,aws-mainframe-modernization-carddemo-main/app/jcl/DEFCUST.jcl,JCL,STEP05,,,IDCAMS,,,,,Yes,Dataset
AWS.M2.CARDDEMO.ACCTDATA.ARRYPS,CBACT01C.cbl,aws-mainframe-modernization-carddemo-main/app/cbl/CBACT01C.cbl,COBOL,,ARRYFILE,,,ARRY-FILE,,,WRITE,,Dataset
AWS.M2.CARDDEMO.ACCTDATA.ARRYPS,READACCT.jcl,aws-mainframe-modernization-carddemo-main/app/jcl/READACCT.jcl,JCL,PREDEL,DD02,"MOD,DELETE,DELETE",IEFBR14,,,,,Yes,Dataset
AWS.M2.CARDDEMO.ACCTDATA.ARRYPS,READACCT.jcl,aws-mainframe-modernization-carddemo-main/app/jcl/READACCT.jcl,JCL,STEP05,ARRYFILE,"NEW,CATLG,DELETE",CBACT01C,,,,,No,Dataset
AWS.M2.CARDDEMO.ACCTDATA.IMPORT,CBIMPORT.cbl,aws-mainframe-modernization-carddemo-main/app/cbl/CBIMPORT.cbl,COBOL,,ACCTOUT,,,ACCOUNT-OUTPUT,,,WRITE,,Dataset
AWS.M2.CARDDEMO.ACCTDATA.IMPORT,CBIMPORT.jcl,aws-mainframe-modernization-carddemo-main/app/jcl/CBIMPORT.jcl,JCL,STEP01,ACCTOUT,"NEW,CATLG,DELETE",CBIMPORT,,,,,No,Dataset
AWS.M2.CARDDEMO.ACCTDATA.PS,ACCTFILE.jcl,aws-mainframe-modernization-carddemo-main/app/jcl/ACCTFILE.jcl,JCL,STEP15,ACCTDATA,SHR,IDCAMS,,,,,Yes,Non-VSAM
AWS.M2.CARDDEMO.ACCTDATA.PSCOMP,CBACT01C.cbl,aws-mainframe-modernization-carddemo-main/app/cbl/CBACT01C.cbl,COBOL,,OUTFILE,,,OUT-FILE,,,WRITE,,Dataset
AWS.M2.CARDDEMO.ACCTDATA.PSCOMP,READACCT.jcl,aws-mainframe-modernization-carddemo-main/app/jcl/READACCT.jcl,JCL,PREDEL,DD01,"MOD,DELETE,DELETE",IEFBR14,,,,,Yes,Dataset
AWS.M2.CARDDEMO.ACCTDATA.PSCOMP,READACCT.jcl,aws-mainframe-modernization-carddemo-main/app/jcl/READACCT.jcl,JCL,STEP05,OUTFILE,"NEW,CATLG,DELETE",CBACT01C,,,,,No,Dataset
AWS.M2.CARDDEMO.ACCTDATA.VBPS,CBACT01C.cbl,aws-mainframe-modernization-carddemo-main/app/cbl/CBACT01C.cbl,COBOL,,VBRCFILE,,,VBRC-FILE,,,WRITE,,Dataset
AWS.M2.CARDDEMO.ACCTDATA.VBPS,READACCT.jcl,aws-mainframe-modernization-carddemo-main/app/jcl/READACCT.jcl,JCL,PREDEL,DD03,"MOD,DELETE,DELETE",IEFBR14,,,,,Yes,Dataset
AWS.M2.CARDDEMO.ACCTDATA.VBPS,READACCT.jcl,aws-mainframe-modernization-carddemo-main/app/jcl/READACCT.jcl,JCL,STEP05,VBRCFILE,"NEW,CATLG,DELETE",CBACT01C,,,,,No,Dataset
AWS.M2.CARDDEMO.ACCTDATA.VSAM.KSDS,ACCTFILE.jcl,aws-mainframe-modernization-carddemo-main/app/jcl/ACCTFILE.jcl,JCL,STEP05,,,IDCAMS,,,,,Yes,VSAM-KSDS
AWS.M2.CARDDEMO.ACCTDATA.VSAM.KSDS,ACCTFILE.jcl,aws-mainframe-modernization-carddemo-main/app/jcl/ACCTFILE.jcl,JCL,STEP10,,,IDCAMS,,,,,Yes,VSAM-KSDS
AWS.M2.CARDDEMO.ACCTDATA.VSAM.KSDS,ACCTFILE.jcl,aws-mainframe-modernization-carddemo-main/app/jcl/ACCTFILE.jcl,JCL,STEP15,ACCTVSAM,SHR,IDCAMS,,,,,Yes,VSAM-KSDS
AWS.M2.CARDDEMO.ACCTDATA.VSAM.KSDS,CBACT01C.cbl,aws-mainframe-modernization-carddemo-main/app/cbl/CBACT01C.cbl,COBOL,,ACCTFILE,,,ACCTFILE-FILE,ACCOUNT-RECORD,aws-mainframe-modernization-carddemo-main/app/cpy/CVACT01Y.cpy,READ,,VSAM-KSDS
AWS.M2.CARDDEMO.ACCTDATA.VSAM.KSDS,CBACT04C.cbl,aws-mainframe-modernization-carddemo-main/app/cbl/CBACT04C.cbl,COBOL,,ACCTFILE,,,ACCOUNT-FILE,ACCOUNT-RECORD,aws-mainframe-modernization-carddemo-main/app/cpy/CVACT01Y.cpy,READ; UPDATE; WRITE,,VSAM-KSDS
AWS.M2.CARDDEMO.ACCTDATA.VSAM.KSDS,CBEXPORT.cbl,aws-mainframe-modernization-carddemo-main/app/cbl/CBEXPORT.cbl,COBOL,,ACCTFILE,,,ACCOUNT-INPUT,,,READ,,VSAM-KSDS
AWS.M2.CARDDEMO.ACCTDATA.VSAM.KSDS,CBEXPORT.jcl,aws-mainframe-modernization-carddemo-main/app/jcl/CBEXPORT.jcl,JCL,STEP02,ACCTFILE,SHR,CBEXPORT,,,,,No,VSAM-KSDS
AWS.M2.CARDDEMO.ACCTDATA.VSAM.KSDS,CBSTM03B.cbl,aws-mainframe-modernization-carddemo-main/app/cbl/CBSTM03B.CBL,COBOL,,ACCTFILE,,,ACCT-FILE,,,READ,,VSAM-KSDS
AWS.M2.CARDDEMO.ACCTDATA.VSAM.KSDS,CBTRN02C.cbl,aws-mainframe-modernization-carddemo-main/app/cbl/CBTRN02C.cbl,COBOL,,ACCTFILE,,,ACCOUNT-FILE,ACCOUNT-RECORD,aws-mainframe-modernization-carddemo-main/app/cpy/CVACT01Y.cpy,READ; UPDATE; WRITE,,VSAM-KSDS
AWS.M2.CARDDEMO.ACCTDATA.VSAM.KSDS,COACCT01.cbl,aws-mainframe-modernization-carddemo-main/app/app-vsam-mq/cbl/COACCT01.cbl,COBOL,,,,,ACCTDAT,,,READ,,VSAM-KSDS
AWS.M2.CARDDEMO.ACCTDATA.VSAM.KSDS,COACTUPC.cbl,aws-mainframe-modernization-carddemo-main/app/cbl/COACTUPC.cbl,COBOL,,,,,ACCTDAT,,,READ; UPDATE; WRITE,,VSAM-KSDS
AWS.M2.CARDDEMO.ACCTDATA.VSAM.KSDS,COACTVWC.cbl,aws-mainframe-modernization-carddemo-main/app/cbl/COACTVWC.cbl,COBOL,,,,,ACCTDAT,,,READ,,VSAM-KSDS
AWS.M2.CARDDEMO.ACCTDATA.VSAM.KSDS,COBIL00C.cbl,aws-mainframe-modernization-carddemo-main/app/cbl/COBIL00C.cbl,COBOL,,,,,ACCTDAT,,,READ; UPDATE; WRITE,,VSAM-KSDS
AWS.M2.CARDDEMO.ACCTDATA.VSAM.KSDS,COPAUA0C.cbl,aws-mainframe-modernization-carddemo-main/app/app-authorization-ims-db2-mq/cbl/COPAUA0C.cbl,COBOL,,,,,ACCTDAT,,,READ,,VSAM-KSDS
AWS.M2.CARDDEMO.ACCTDATA.VSAM.KSDS,COPAUS0C.cbl,aws-mainframe-modernization-carddemo-main/app/app-authorization-ims-db2-mq/cbl/COPAUS0C.cbl,COBOL,,,,,ACCTDAT,,,READ,,VSAM-KSDS
AWS.M2.CARDDEMO.ACCTDATA.VSAM.KSDS,CREASTMT.JCL,aws-mainframe-modernization-carddemo-main/app/jcl/CREASTMT.JCL,JCL,STEP040,ACCTFILE,SHR,CBSTM03B,,,,,No,VSAM-KSDS
AWS.M2.CARDDEMO.ACCTDATA.VSAM.KSDS,INTCALC.jcl,aws-mainframe-modernization-carddemo-main/app/jcl/INTCALC.jcl,JCL,STEP15,ACCTFILE,SHR,CBACT04C,,,,,No,VSAM-KSDS
AWS.M2.CARDDEMO.ACCTDATA.VSAM.KSDS,POSTTRAN.jcl,aws-mainframe-modernization-carddemo-main/app/jcl/POSTTRAN.jcl,JCL,STEP15,ACCTFILE,SHR,CBTRN02C,,,,,No,VSAM-KSDS
AWS.M2.CARDDEMO.ACCTDATA.VSAM.KSDS,READACCT.jcl,aws-mainframe-modernization-carddemo-main/app/jcl/READACCT.jcl,JCL,STEP05,ACCTFILE,SHR,CBACT01C,,,,,No,VSAM-KSDS
AWS.M2.CARDDEMO.BMS(&MAPNAME),BMSCMP.jcl,aws-mainframe-modernization-carddemo-main/samples/jcl/BMSCMP.jcl,JCL,STEP1.PRINT,SYSUT1,SHR,IEBGENER,,,,,Yes,Dataset
AWS.M2.CARDDEMO.CARDDATA.PS,CARDFILE.jcl,aws-mainframe-modernization-carddemo-main/app/jcl/CARDFILE.jcl,JCL,STEP15,CARDDATA,SHR,IDCAMS,,,,,Yes,Non-VSAM
AWS.M2.CARDDEMO.CARDDATA.VSAM.AIX,CARDFILE.jcl,aws-mainframe-modernization-carddemo-main/app/jcl/CARDFILE.jcl,JCL,STEP05,,,IDCAMS,,,,,Yes,VSAM-AIX
AWS.M2.CARDDEMO.CARDDATA.VSAM.AIX,CARDFILE.jcl,aws-mainframe-modernization-carddemo-main/app/jcl/CARDFILE.jcl,JCL,STEP40,,,IDCAMS,,,,,Yes,VSAM-AIX
AWS.M2.CARDDEMO.CARDDATA.VSAM.AIX.PATH,CARDFILE.jcl,aws-mainframe-modernization-carddemo-main/app/jcl/CARDFILE.jcl,JCL,STEP50,,,IDCAMS,,,,,Yes,VSAM-PATH
AWS.M2.CARDDEMO.CARDDATA.VSAM.AIX.PATH,COCRDSLC.cbl,aws-mainframe-modernization-carddemo-main/app/cbl/COCRDSLC.cbl,COBOL,,,,,CARDAIX,,,READ,,VSAM-PATH
AWS.M2.CARDDEMO.CARDDATA.VSAM.KSDS,CARDFILE.jcl,aws-mainframe-modernization-carddemo-main/app/jcl/CARDFILE.jcl,JCL,STEP05,,,IDCAMS,,,,,Yes,VSAM-KSDS
AWS.M2.CARDDEMO.CARDDATA.VSAM.KSDS,CARDFILE.jcl,aws-mainframe-modernization-carddemo-main/app/jcl/CARDFILE.jcl,JCL,STEP10,,,IDCAMS,,,,,Yes,VSAM-KSDS
AWS.M2.CARDDEMO.CARDDATA.VSAM.KSDS,CARDFILE.jcl,aws-mainframe-modernization-carddemo-main/app/jcl/CARDFILE.jcl,JCL,STEP15,CARDVSAM,SHR,IDCAMS,,,,,Yes,VSAM-KSDS
AWS.M2.CARDDEMO.CARDDATA.VSAM.KSDS,CBACT02C.cbl,aws-mainframe-modernization-carddemo-main/app/cbl/CBACT02C.cbl,COBOL,,CARDFILE,,,CARDFILE-FILE,CARD-RECORD,aws-mainframe-modernization-carddemo-main/app/cpy/CVACT02Y.cpy,READ,,VSAM-KSDS
AWS.M2.CARDDEMO.CARDDATA.VSAM.KSDS,CBEXPORT.cbl,aws-mainframe-modernization-carddemo-main/app/cbl/CBEXPORT.cbl,COBOL,,CARDFILE,,,CARD-INPUT,,,READ,,VSAM-KSDS
AWS.M2.CARDDEMO.CARDDATA.VSAM.KSDS,CBEXPORT.jcl,aws-mainframe-modernization-carddemo-main/app/jcl/CBEXPORT.jcl,JCL,STEP02,CARDFILE,SHR,CBEXPORT,,,,,No,VSAM-KSDS
AWS.M2.CARDDEMO.CARDDATA.VSAM.KSDS,COCRDLIC.cbl,aws-mainframe-modernization-carddemo-main/app/cbl/COCRDLIC.cbl,COBOL,,,,,CARDDAT,,,READ,,VSAM-KSDS
AWS.M2.CARDDEMO.CARDDATA.VSAM.KSDS,COCRDSLC.cbl,aws-mainframe-modernization-carddemo-main/app/cbl/COCRDSLC.cbl,COBOL,,,,,CARDDAT,,,READ,,VSAM-KSDS
AWS.M2.CARDDEMO.CARDDATA.VSAM.KSDS,COCRDUPC.cbl,aws-mainframe-modernization-carddemo-main/app/cbl/COCRDUPC.cbl,COBOL,,,,,CARDDAT,,,READ; UPDATE; WRITE,,VSAM-KSDS
AWS.M2.CARDDEMO.CARDDATA.VSAM.KSDS,READCARD.jcl,aws-mainframe-modernization-carddemo-main/app/jcl/READCARD.jcl,JCL,STEP05,CARDFILE,SHR,CBACT02C,,,,,No,VSAM-KSDS
AWS.M2.CARDDEMO.CARDXREF.IMPORT,CBIMPORT.cbl,aws-mainframe-modernization-carddemo-main/app/cbl/CBIMPORT.cbl,COBOL,,XREFOUT,,,XREF-OUTPUT,,,WRITE,,Dataset
AWS.M2.CARDDEMO.CARDXREF.IMPORT,CBIMPORT.jcl,aws-mainframe-modernization-carddemo-main/app/jcl/CBIMPORT.jcl,JCL,STEP01,XREFOUT,"NEW,CATLG,DELETE",CBIMPORT,,,,,No,Dataset
AWS.M2.CARDDEMO.CARDXREF.PS,XREFFILE.jcl,aws-mainframe-modernization-carddemo-main/app/jcl/XREFFILE.jcl,JCL,STEP15,XREFDATA,SHR,IDCAMS,,,,,Yes,Non-VSAM
AWS.M2.CARDDEMO.CARDXREF.VSAM.AIX,XREFFILE.jcl,aws-mainframe-modernization-carddemo-main/app/jcl/XREFFILE.jcl,JCL,STEP05,,,IDCAMS,,,,,Yes,VSAM-AIX
AWS.M2.CARDDEMO.CARDXREF.VSAM.AIX,XREFFILE.jcl,aws-mainframe-modernization-carddemo-main/app/jcl/XREFFILE.jcl,JCL,STEP20,,,IDCAMS,,,,,Yes,VSAM-AIX
AWS.M2.CARDDEMO.CARDXREF.VSAM.AIX.PATH,CBACT04C.cbl,aws-mainframe-modernization-carddemo-main/app/cbl/CBACT04C.cbl,COBOL,,XREFFIL1,,,,,,,,VSAM-PATH
AWS.M2.CARDDEMO.CARDXREF.VSAM.AIX.PATH,COACTUPC.cbl,aws-mainframe-modernization-carddemo-main/app/cbl/COACTUPC.cbl,COBOL,,,,,CXACAIX,,,READ,,VSAM-PATH
AWS.M2.CARDDEMO.CARDXREF.VSAM.AIX.PATH,COACTVWC.cbl,aws-mainframe-modernization-carddemo-main/app/cbl/COACTVWC.cbl,COBOL,,,,,CXACAIX,,,READ,,VSAM-PATH
AWS.M2.CARDDEMO.CARDXREF.VSAM.AIX.PATH,COBIL00C.cbl,aws-mainframe-modernization-carddemo-main/app/cbl/COBIL00C.cbl,COBOL,,,,,CXACAIX,,,READ,,VSAM-PATH
AWS.M2.CARDDEMO.CARDXREF.VSAM.AIX.PATH,COPAUS0C.cbl,aws-mainframe-modernization-carddemo-main/app/app-authorization-ims-db2-mq/cbl/COPAUS0C.cbl,COBOL,,,,,CXACAIX,,,READ,,VSAM-PATH
AWS.M2.CARDDEMO.CARDXREF.VSAM.AIX.PATH,COTRN02C.cbl,aws-mainframe-modernization-carddemo-main/app/cbl/COTRN02C.cbl,COBOL,,,,,CXACAIX,,,READ,,VSAM-PATH
AWS.M2.CARDDEMO.CARDXREF.VSAM.AIX.PATH,INTCALC.jcl,aws-mainframe-modernization-carddemo-main/app/jcl/INTCALC.jcl,JCL,STEP15,XREFFIL1,SHR,CBACT04C,,,,,No,VSAM-PATH
AWS.M2.CARDDEMO.CARDXREF.VSAM.AIX.PATH,XREFFILE.jcl,aws-mainframe-modernization-carddemo-main/app/jcl/XREFFILE.jcl,JCL,STEP25,,,IDCAMS,,,,,Yes,VSAM-PATH
AWS.M2.CARDDEMO.CARDXREF.VSAM.KSDS,CBACT03C.cbl,aws-mainframe-modernization-carddemo-main/app/cbl/CBACT03C.cbl,COBOL,,XREFFILE,,,XREFFILE-FILE,CARD-XREF-RECORD,aws-mainframe-modernization-carddemo-main/app/cpy/CVACT03Y.cpy,READ,,VSAM-KSDS
AWS.M2.CARDDEMO.CARDXREF.VSAM.KSDS,CBACT04C.cbl,aws-mainframe-modernization-carddemo-main/app/cbl/CBACT04C.cbl,COBOL,,XREFFILE,,,XREF-FILE,CARD-XREF-RECORD,aws-mainframe-modernization-carddemo-main/app/cpy/CVACT03Y.cpy,READ,,VSAM-KSDS
AWS.M2.CARDDEMO.CARDXREF.VSAM.KSDS,CBEXPORT.cbl,aws-mainframe-modernization-carddemo-main/app/cbl/CBEXPORT.cbl,COBOL,,XREFFILE,,,XREF-INPUT,,,READ,,VSAM-KSDS
AWS.M2.CARDDEMO.CARDXREF.VSAM.KSDS,CBEXPORT.jcl,aws-mainframe-modernization-carddemo-main/app/jcl/CBEXPORT.jcl,JCL,STEP02,XREFFILE,SHR,CBEXPORT,,,,,No,VSAM-KSDS
AWS.M2.CARDDEMO.CARDXREF.VSAM.KSDS,CBSTM03B.cbl,aws-mainframe-modernization-carddemo-main/app/cbl/CBSTM03B.CBL,COBOL,,XREFFILE,,,XREF-FILE,,,READ,,VSAM-KSDS
AWS.M2.CARDDEMO.CARDXREF.VSAM.KSDS,CBTRN02C.cbl,aws-mainframe-modernization-carddemo-main/app/cbl/CBTRN02C.cbl,COBOL,,XREFFILE,,,XREF-FILE,CARD-XREF-RECORD,aws-mainframe-modernization-carddemo-main/app/cpy/CVACT03Y.cpy,READ,,VSAM-KSDS
AWS.M2.CARDDEMO.CARDXREF.VSAM.KSDS,CBTRN03C.cbl,aws-mainframe-modernization-carddemo-main/app/cbl/CBTRN03C.cbl,COBOL,,CARDXREF,,,XREF-FILE,CARD-XREF-RECORD,aws-mainframe-modernization-carddemo-main/app/cpy/CVACT03Y.cpy,READ,,VSAM-KSDS
AWS.M2.CARDDEMO.CARDXREF.VSAM.KSDS,COPAUA0C.cbl,aws-mainframe-modernization-carddemo-main/app/app-authorization-ims-db2-mq/cbl/COPAUA0C.cbl,COBOL,,,,,CCXREF,,,READ,,VSAM-KSDS
AWS.M2.CARDDEMO.CARDXREF.VSAM.KSDS,COTRN02C.cbl,aws-mainframe-modernization-carddemo-main/app/cbl/COTRN02C.cbl,COBOL,,,,,CCXREF,,,READ,,VSAM-KSDS
AWS.M2.CARDDEMO.CARDXREF.VSAM.KSDS,CREASTMT.JCL,aws-mainframe-modernization-carddemo-main/app/jcl/CREASTMT.JCL,JCL,STEP040,XREFFILE,SHR,CBSTM03B,,,,,No,VSAM-KSDS
AWS.M2.CARDDEMO.CARDXREF.VSAM.KSDS,INTCALC.jcl,aws-mainframe-modernization-carddemo-main/app/jcl/INTCALC.jcl,JCL,STEP15,XREFFILE,SHR,CBACT04C,,,,,No,VSAM-KSDS
AWS.M2.CARDDEMO.CARDXREF.VSAM.KSDS,POSTTRAN.jcl,aws-mainframe-modernization-carddemo-main/app/jcl/POSTTRAN.jcl,JCL,STEP15,XREFFILE,SHR,CBTRN02C,,,,,No,VSAM-KSDS
AWS.M2.CARDDEMO.CARDXREF.VSAM.KSDS,READXREF.jcl,aws-mainframe-modernization-carddemo-main/app/jcl/READXREF.jcl,JCL,STEP05,XREFFILE,SHR,CBACT03C,,,,,No,VSAM-KSDS
AWS.M2.CARDDEMO.CARDXREF.VSAM.KSDS,TRANREPT.jcl,aws-mainframe-modernization-carddemo-main/app/jcl/TRANREPT.jcl,JCL,STEP10R,CARDXREF,SHR,CBTRN03C,,,,,No,VSAM-KSDS
AWS.M2.CARDDEMO.CARDXREF.VSAM.KSDS,XREFFILE.jcl,aws-mainframe-modernization-carddemo-main/app/jcl/XREFFILE.jcl,JCL,STEP05,,,IDCAMS,,,,,Yes,VSAM-KSDS
AWS.M2.CARDDEMO.CARDXREF.VSAM.KSDS,XREFFILE.jcl,aws-mainframe-modernization-carddemo-main/app/jcl/XREFFILE.jcl,JCL,STEP10,,,IDCAMS,,,,,Yes,VSAM-KSDS
AWS.M2.CARDDEMO.CARDXREF.VSAM.KSDS,XREFFILE.jcl,aws-mainframe-modernization-carddemo-main/app/jcl/XREFFILE.jcl,JCL,STEP15,XREFVSAM,SHR,IDCAMS,,,,,Yes,VSAM-KSDS
AWS.M2.CARDDEMO.CBL(&MEM),BATCMP.jcl,aws-mainframe-modernization-carddemo-main/samples/jcl/BATCMP.jcl,JCL,BATCMP.COMPILE,,SHR,IGYCRCTL,,,,,Yes,Dataset
AWS.M2.CARDDEMO.CBL(&MEM),CICCMP.jcl,aws-mainframe-modernization-carddemo-main/samples/jcl/CICCMP.jcl,JCL,CICSCMP.COB,,SHR,IGYCRCTL,,,,,Yes,Dataset
AWS.M2.CARDDEMO.CBL(&MEMNAME),CICDBCMP.jcl,aws-mainframe-modernization-carddemo-main/samples/jcl/CICDBCMP.jcl,JCL,CICSCMP.PRECMP,,SHR,DSNHPC,,,,,No,Dataset
AWS.M2.CARDDEMO.CNTL(DB2CREAT),CREADB21.jcl,aws-mainframe-modernization-carddemo-main/app/app-transaction-type-db2/jcl/CREADB21.jcl,JCL,CRCRDDB,,SHR,IKJEFT01,,,,,Yes,Non-VSAM
AWS.M2.CARDDEMO.CNTL(DB2FREE),CREADB21.jcl,aws-mainframe-modernization-carddemo-main/app/app-transaction-type-db2/jcl/CREADB21.jcl,JCL,FREEPLN,SYSTSIN,SHR,IKJEFT01,,,,,Yes,Non-VSAM
AWS.M2.CARDDEMO.CNTL(DB2LTCAT),CREADB21.jcl,aws-mainframe-modernization-carddemo-main/app/app-transaction-type-db2/jcl/CREADB21.jcl,JCL,LDTCCAT,,SHR,IKJEFT01,,,,,Yes,Non-VSAM
AWS.M2.CARDDEMO.CNTL(DB2LTTYP),CREADB21.jcl,aws-mainframe-modernization-carddemo-main/app/app-transaction-type-db2/jcl/CREADB21.jcl,JCL,RUNTEP2,,SHR,IKJEFT01,,,,,Yes,Non-VSAM
AWS.M2.CARDDEMO.CNTL(DB2TEP41),CREADB21.jcl,aws-mainframe-modernization-carddemo-main/app/app-transaction-type-db2/jcl/CREADB21.jcl,JCL,RUNTEP2,SYSTSIN,SHR,IKJEFT01,,,,,Yes,Non-VSAM
AWS.M2.CARDDEMO.CNTL(DB2TEP41),CREADB21.jcl,aws-mainframe-modernization-carddemo-main/app/app-transaction-type-db2/jcl/CREADB21.jcl,JCL,LDTCCAT,SYSTSIN,SHR,IKJEFT01,,,,,Yes,Non-VSAM
AWS.M2.CARDDEMO.CNTL(DB2TIAD1),CREADB21.jcl,aws-mainframe-modernization-carddemo-main/app/app-transaction-type-db2/jcl/CREADB21.jcl,JCL,CRCRDDB,SYSTSIN,SHR,IKJEFT01,,,,,Yes,Non-VSAM
AWS.M2.CARDDEMO.CNTL(REPROCT),PRTCATBL.jcl,aws-mainframe-modernization-carddemo-main/app/jcl/PRTCATBL.jcl,JCL,STEP05R.PRC001,,SHR,IDCAMS,,,,,Yes,Non-VSAM
AWS.M2.CARDDEMO.CNTL(REPROCT),REPRTEST.jcl,aws-mainframe-modernization-carddemo-main/samples/jcl/REPRTEST.jcl,JCL,STEP05.PRC001,,SHR,IDCAMS,,,,,Yes,Non-VSAM
AWS.M2.CARDDEMO.CNTL(REPROCT),TRANBKP.jcl,aws-mainframe-modernization-carddemo-main/app/jcl/TRANBKP.jcl,JCL,STEP05R.PRC001,,SHR,IDCAMS,,,,,Yes,Non-VSAM
AWS.M2.CARDDEMO.CNTL(REPROCT),TRANREPT.jcl,aws-mainframe-modernization-carddemo-main/app/jcl/TRANREPT.jcl,JCL,STEP05R.PRC001,,SHR,IDCAMS,,,,,Yes,Non-VSAM
AWS.M2.CARDDEMO.CPY,BATCMP.jcl,aws-mainframe-modernization-carddemo-main/samples/jcl/BATCMP.jcl,JCL,BATCMP.COMPILE,SYSLIB,SHR,IGYCRCTL,,,,,Yes,Non-VSAM
AWS.M2.CARDDEMO.CPY,CICCMP.jcl,aws-mainframe-modernization-carddemo-main/samples/jcl/CICCMP.jcl,JCL,CICSCMP.COB,SYSLIB,SHR,IGYCRCTL,,,,,Yes,Non-VSAM
AWS.M2.CARDDEMO.CPY(&MAPNAME),BMSCMP.jcl,aws-mainframe-modernization-carddemo-main/samples/jcl/BMSCMP.jcl,JCL,STEP1.DSECT,SYSPUNCH,OLD,ASMA90,,,,,No,Dataset
AWS.M2.CARDDEMO.CUSTDATA.IMPORT,CBIMPORT.cbl,aws-mainframe-modernization-carddemo-main/app/cbl/CBIMPORT.cbl,COBOL,,CUSTOUT,,,CUSTOMER-OUTPUT,,,WRITE,,Dataset
AWS.M2.CARDDEMO.CUSTDATA.IMPORT,CBIMPORT.jcl,aws-mainframe-modernization-carddemo-main/app/jcl/CBIMPORT.jcl,JCL,STEP01,CUSTOUT,"NEW,CATLG,DELETE",CBIMPORT,,,,,No,Dataset
AWS.M2.CARDDEMO.CUSTDATA.PS,CUSTFILE.jcl,aws-mainframe-modernization-carddemo-main/app/jcl/CUSTFILE.jcl,JCL,STEP15,CUSTDATA,SHR,IDCAMS,,,,,Yes,Non-VSAM
AWS.M2.CARDDEMO.CUSTDATA.VSAM.KSDS,CBCUS01C.cbl,aws-mainframe-modernization-carddemo-main/app/cbl/CBCUS01C.cbl,COBOL,,CUSTFILE,,,CUSTFILE-FILE,CUSTOMER-RECORD,aws-mainframe-modernization-carddemo-main/app/cpy/CVCUS01Y.cpy,READ,,VSAM-KSDS
AWS.M2.CARDDEMO.CUSTDATA.VSAM.KSDS,CBEXPORT.cbl,aws-mainframe-modernization-carddemo-main/app/cbl/CBEXPORT.cbl,COBOL,,CUSTFILE,,,CUSTOMER-INPUT,,,READ,,VSAM-KSDS
AWS.M2.CARDDEMO.CUSTDATA.VSAM.KSDS,CBEXPORT.jcl,aws-mainframe-modernization-carddemo-main/app/jcl/CBEXPORT.jcl,JCL,STEP02,CUSTFILE,SHR,CBEXPORT,,,,,No,VSAM-KSDS
AWS.M2.CARDDEMO.CUSTDATA.VSAM.KSDS,CBSTM03B.cbl,aws-mainframe-modernization-carddemo-main/app/cbl/CBSTM03B.CBL,COBOL,,CUSTFILE,,,CUST-FILE,,,READ,,VSAM-KSDS
AWS.M2.CARDDEMO.CUSTDATA.VSAM.KSDS,COACTUPC.cbl,aws-mainframe-modernization-carddemo-main/app/cbl/COACTUPC.cbl,COBOL,,,,,CUSTDAT,,,READ; UPDATE; WRITE,,VSAM-KSDS
AWS.M2.CARDDEMO.CUSTDATA.VSAM.KSDS,COACTVWC.cbl,aws-mainframe-modernization-carddemo-main/app/cbl/COACTVWC.cbl,COBOL,,,,,CUSTDAT,,,READ,,VSAM-KSDS
AWS.M2.CARDDEMO.CUSTDATA.VSAM.KSDS,COPAUA0C.cbl,aws-mainframe-modernization-carddemo-main/app/app-authorization-ims-db2-mq/cbl/COPAUA0C.cbl,COBOL,,,,,CUSTDAT,,,READ,,VSAM-KSDS
AWS.M2.CARDDEMO.CUSTDATA.VSAM.KSDS,COPAUS0C.cbl,aws-mainframe-modernization-carddemo-main/app/app-authorization-ims-db2-mq/cbl/COPAUS0C.cbl,COBOL,,,,,CUSTDAT,,,READ,,VSAM-KSDS
AWS.M2.CARDDEMO.CUSTDATA.VSAM.KSDS,CREASTMT.JCL,aws-mainframe-modernization-carddemo-main/app/jcl/CREASTMT.JCL,JCL,STEP040,CUSTFILE,SHR,CBSTM03B,,,,,No,VSAM-KSDS
AWS.M2.CARDDEMO.CUSTDATA.VSAM.KSDS,CUSTFILE.jcl,aws-mainframe-modernization-carddemo-main/app/jcl/CUSTFILE.jcl,JCL,STEP05,,,IDCAMS,,,,,Yes,VSAM-KSDS
AWS.M2.CARDDEMO.CUSTDATA.VSAM.KSDS,CUSTFILE.jcl,aws-mainframe-modernization-carddemo-main/app/jcl/CUSTFILE.jcl,JCL,STEP10,,,IDCAMS,,,,,Yes,VSAM-KSDS
AWS.M2.CARDDEMO.CUSTDATA.VSAM.KSDS,CUSTFILE.jcl,aws-mainframe-modernization-carddemo-main/app/jcl/CUSTFILE.jcl,JCL,STEP15,CUSTVSAM,SHR,IDCAMS,,,,,Yes,VSAM-KSDS
AWS.M2.CARDDEMO.CUSTDATA.VSAM.KSDS,READCUST.jcl,aws-mainframe-modernization-carddemo-main/app/jcl/READCUST.jcl,JCL,STEP05,CUSTFILE,SHR,CBCUS01C,,,,,No,VSAM-KSDS
AWS.M2.CARDDEMO.DALYREJS,CBTRN02C.cbl,aws-mainframe-modernization-carddemo-main/app/cbl/CBTRN02C.cbl,COBOL,,DALYREJS,,,DALYREJS-FILE,,,WRITE,,GDG Base
AWS.M2.CARDDEMO.DALYREJS,DALYREJS.jcl,aws-mainframe-modernization-carddemo-main/app/jcl/DALYREJS.jcl,JCL,STEP05,,,IDCAMS,,,,,Yes,GDG Base
AWS.M2.CARDDEMO.DALYREJS,POSTTRAN.jcl,aws-mainframe-modernization-carddemo-main/app/jcl/POSTTRAN.jcl,JCL,STEP15,DALYREJS,"NEW,CATLG,DELETE",CBTRN02C,,,,,No,GDG Base
AWS.M2.CARDDEMO.DALYTRAN.PS,CBTRN02C.cbl,aws-mainframe-modernization-carddemo-main/app/cbl/CBTRN02C.cbl,COBOL,,DALYTRAN,,,DALYTRAN-FILE,DALYTRAN-RECORD,aws-mainframe-modernization-carddemo-main/app/cpy/CVTRA06Y.cpy,READ,,Non-VSAM
AWS.M2.CARDDEMO.DALYTRAN.PS,POSTTRAN.jcl,aws-mainframe-modernization-carddemo-main/app/jcl/POSTTRAN.jcl,JCL,STEP15,DALYTRAN,SHR,CBTRN02C,,,,,No,Non-VSAM
AWS.M2.CARDDEMO.DALYTRAN.PS.INIT,TRANFILE.jcl,aws-mainframe-modernization-carddemo-main/app/jcl/TRANFILE.jcl,JCL,STEP15,TRANSACT,SHR,IDCAMS,,,,,Yes,Non-VSAM
AWS.M2.CARDDEMO.DATEPARM,CBTRN03C.cbl,aws-mainframe-modernization-carddemo-main/app/cbl/CBTRN03C.cbl,COBOL,,DATEPARM,,,DATE-PARMS-FILE,,,READ,,Non-VSAM
AWS.M2.CARDDEMO.DATEPARM,TRANREPT.jcl,aws-mainframe-modernization-carddemo-main/app/jcl/TRANREPT.jcl,JCL,STEP10R,DATEPARM,SHR,CBTRN03C,,,,,No,Non-VSAM
AWS.M2.CARDDEMO.DBRMLIB,MNTTRDB2.jcl,aws-mainframe-modernization-carddemo-main/app/app-transaction-type-db2/jcl/MNTTRDB2.jcl,JCL,STEP1,DBRMLIB,SHR,IKJEFT01,,,,,Yes,Dataset
AWS.M2.CARDDEMO.DBRMLIB(&MEMNAME),CICDBCMP.jcl,aws-mainframe-modernization-carddemo-main/samples/jcl/CICDBCMP.jcl,JCL,CICSCMP.PRECMP,DBRMLIB,OLD,DSNHPC,,,,,No,Dataset
AWS.M2.CARDDEMO.DBRMLIB(&MEMNAME),CICDBCMP.jcl,aws-mainframe-modernization-carddemo-main/samples/jcl/CICDBCMP.jcl,JCL,CICSCMP.BINDPK,DBRMLIB,SHR,IKJEFT01,,,,,Yes,Dataset
AWS.M2.CARDDEMO.DBRMLIB(&MEMNAME),CICDBCMP.jcl,aws-mainframe-modernization-carddemo-main/samples/jcl/CICDBCMP.jcl,JCL,CICSCMP.BINDPL,DBRMLIB,SHR,IKJEFT01,,,,,Yes,Dataset
AWS.M2.CARDDEMO.DCL,CICDBCMP.jcl,aws-mainframe-modernization-carddemo-main/samples/jcl/CICDBCMP.jcl,JCL,CICSCMP.PRECMP,SYSLIB,SHR,DSNHPC,,,,,No,Non-VSAM
AWS.M2.CARDDEMO.DCL,CICDBCMP.jcl,aws-mainframe-modernization-carddemo-main/samples/jcl/CICDBCMP.jcl,JCL,CICSCMP.COBOL,SYSLIB,SHR,IGYCRCTL,,,,,Yes,Non-VSAM
AWS.M2.CARDDEMO.DISCGRP.BKUP,DEFGDGD.jcl,aws-mainframe-modernization-carddemo-main/app/jcl/DEFGDGD.jcl,JCL,STEP50,,,IDCAMS,,,,,Yes,Dataset
AWS.M2.CARDDEMO.DISCGRP.BKUP,DEFGDGD.jcl,aws-mainframe-modernization-carddemo-main/app/jcl/DEFGDGD.jcl,JCL,STEP60,SYSUT2,"NEW,CATLG",IEBGENER,,,,,Yes,Dataset
AWS.M2.CARDDEMO.DISCGRP.PS,DEFGDGD.jcl,aws-mainframe-modernization-carddemo-main/app/jcl/DEFGDGD.jcl,JCL,STEP60,SYSUT1,SHR,IEBGENER,,,,,Yes,Non-VSAM
AWS.M2.CARDDEMO.DISCGRP.PS,DISCGRP.jcl,aws-mainframe-modernization-carddemo-main/app/jcl/DISCGRP.jcl,JCL,STEP15,DISCGRP,SHR,IDCAMS,,,,,Yes,Non-VSAM
AWS.M2.CARDDEMO.DISCGRP.VSAM.KSDS,CBACT04C.cbl,aws-mainframe-modernization-carddemo-main/app/cbl/CBACT04C.cbl,COBOL,,DISCGRP,,,DISCGRP-FILE,DIS-GROUP-RECORD,aws-mainframe-modernization-carddemo-main/app/cpy/CVTRA02Y.cpy,READ,,VSAM-KSDS
AWS.M2.CARDDEMO.DISCGRP.VSAM.KSDS,DISCGRP.jcl,aws-mainframe-modernization-carddemo-main/app/jcl/DISCGRP.jcl,JCL,STEP05,,,IDCAMS,,,,,Yes,VSAM-KSDS
AWS.M2.CARDDEMO.DISCGRP.VSAM.KSDS,DISCGRP.jcl,aws-mainframe-modernization-carddemo-main/app/jcl/DISCGRP.jcl,JCL,STEP10,,,IDCAMS,,,,,Yes,VSAM-KSDS
AWS.M2.CARDDEMO.DISCGRP.VSAM.KSDS,DISCGRP.jcl,aws-mainframe-modernization-carddemo-main/app/jcl/DISCGRP.jcl,JCL,STEP15,DISCVSAM,OLD,IDCAMS,,,,,Yes,VSAM-KSDS
AWS.M2.CARDDEMO.DISCGRP.VSAM.KSDS,INTCALC.jcl,aws-mainframe-modernization-carddemo-main/app/jcl/INTCALC.jcl,JCL,STEP15,DISCGRP,SHR,CBACT04C,,,,,No,VSAM-KSDS
AWS.M2.CARDDEMO.ESDSRRDS.PS,ESDSRRDS.jcl,aws-mainframe-modernization-carddemo-main/app/jcl/ESDSRRDS.jcl,JCL,PREDEL,DD01,"MOD,DELETE,DELETE",IEFBR14,,,,,Yes,Dataset
AWS.M2.CARDDEMO.ESDSRRDS.PS,ESDSRRDS.jcl,aws-mainframe-modernization-carddemo-main/app/jcl/ESDSRRDS.jcl,JCL,STEP01,SYSUT2,"NEW,CATLG,DELETE",IEBGENER,,,,,Yes,Dataset
AWS.M2.CARDDEMO.ESDSRRDS.PS,ESDSRRDS.jcl,aws-mainframe-modernization-carddemo-main/app/jcl/ESDSRRDS.jcl,JCL,STEP03,IN,SHR,IDCAMS,,,,,Yes,Dataset
AWS.M2.CARDDEMO.ESDSRRDS.PS,ESDSRRDS.jcl,aws-mainframe-modernization-carddemo-main/app/jcl/ESDSRRDS.jcl,JCL,STEP05,IN,SHR,IDCAMS,,,,,Yes,Dataset
AWS.M2.CARDDEMO.EXPORT.DATA,CBEXPORT.cbl,aws-mainframe-modernization-carddemo-main/app/cbl/CBEXPORT.cbl,COBOL,,EXPFILE,,,EXPORT-OUTPUT,EXPORT-RECORD,aws-mainframe-modernization-carddemo-main/app/cpy/CVEXPORT.cpy,WRITE,,VSAM KSDS
AWS.M2.CARDDEMO.EXPORT.DATA,CBEXPORT.jcl,aws-mainframe-modernization-carddemo-main/app/jcl/CBEXPORT.jcl,JCL,STEP01,,,IDCAMS,,,,,Yes,VSAM KSDS
AWS.M2.CARDDEMO.EXPORT.DATA,CBEXPORT.jcl,aws-mainframe-modernization-carddemo-main/app/jcl/CBEXPORT.jcl,JCL,STEP02,EXPFILE,SHR,CBEXPORT,,,,,No,VSAM KSDS
AWS.M2.CARDDEMO.EXPORT.DATA,CBIMPORT.cbl,aws-mainframe-modernization-carddemo-main/app/cbl/CBIMPORT.cbl,COBOL,,EXPFILE,,,EXPORT-INPUT,EXPORT-RECORD,aws-mainframe-modernization-carddemo-main/app/cpy/CVEXPORT.cpy,READ,,VSAM KSDS
AWS.M2.CARDDEMO.EXPORT.DATA,CBIMPORT.jcl,aws-mainframe-modernization-carddemo-main/app/jcl/CBIMPORT.jcl,JCL,STEP01,EXPFILE,SHR,CBIMPORT,,,,,No,VSAM KSDS
AWS.M2.CARDDEMO.IMPORT.ERRORS,CBIMPORT.cbl,aws-mainframe-modernization-carddemo-main/app/cbl/CBIMPORT.cbl,COBOL,,ERROUT,,,ERROR-OUTPUT,,,WRITE,,Dataset
AWS.M2.CARDDEMO.IMPORT.ERRORS,CBIMPORT.jcl,aws-mainframe-modernization-carddemo-main/app/jcl/CBIMPORT.jcl,JCL,STEP01,ERROUT,"NEW,CATLG,DELETE",CBIMPORT,,,,,No,Dataset
AWS.M2.CARDDEMO.IMSDATA.DBPAUTP0,DBPAUTP0.jcl,aws-mainframe-modernization-carddemo-main/app/app-authorization-ims-db2-mq/jcl/DBPAUTP0.jcl,JCL,STEPDEL,SYSUT1,"MOD,DELETE",IEFBR14,,,,,Yes,Dataset
AWS.M2.CARDDEMO.IMSDATA.DBPAUTP0,DBPAUTP0.jcl,aws-mainframe-modernization-carddemo-main/app/app-authorization-ims-db2-mq/jcl/DBPAUTP0.jcl,JCL,UNLOAD,DFSURGU1,",CATLG,DELETE",DFSRRC00,,,,,Yes,Dataset
AWS.M2.CARDDEMO.JCL(INTRDRJ2),INTRDRJ1.JCL,aws-mainframe-modernization-carddemo-main/app/jcl/INTRDRJ1.JCL,JCL,STEP01,SYSUT1,SHR,IEBGENER,,,,,Yes,Non-VSAM
AWS.M2.CARDDEMO.LISTCAT,LISTCAT.jcl,aws-mainframe-modernization-carddemo-main/samples/jcl/LISTCAT.jcl,JCL,STEP01,DD1,"MOD,DELETE,DELETE",IEFBR14,,,,,Yes,Non-VSAM
AWS.M2.CARDDEMO.LISTCAT,LISTCAT.jcl,aws-mainframe-modernization-carddemo-main/samples/jcl/LISTCAT.jcl,JCL,STEP05,SYSPRINT,"NEW,CATLG,DELETE",IDCAMS,,,,,Yes,Non-VSAM
AWS.M2.CARDDEMO.LOADLIB(&MAPNAME),BMSCMP.jcl,aws-mainframe-modernization-carddemo-main/samples/jcl/BMSCMP.jcl,JCL,STEP1.LKED,SYSLMOD,SHR,HEWL,,,,,Yes,Dataset
AWS.M2.CARDDEMO.LOADLIB(&MEM),BATCMP.jcl,aws-mainframe-modernization-carddemo-main/samples/jcl/BATCMP.jcl,JCL,BATCMP.LKED,SYSLMOD,SHR,HEWL,,,,,Yes,Dataset
AWS.M2.CARDDEMO.LOADLIB(&MEM),CICCMP.jcl,aws-mainframe-modernization-carddemo-main/samples/jcl/CICCMP.jcl,JCL,CICSCMP.LKED,SYSLMOD,SHR,HEWL,,,,,Yes,Dataset
AWS.M2.CARDDEMO.LST(&MAPNAME),BMSCMP.jcl,aws-mainframe-modernization-carddemo-main/samples/jcl/BMSCMP.jcl,JCL,STEP1.DSECT,SYSPRINT,SHR,ASMA90,,,,,No,Dataset
AWS.M2.CARDDEMO.LST(&MAPNAME),BMSCMP.jcl,aws-mainframe-modernization-carddemo-main/samples/jcl/BMSCMP.jcl,JCL,STEP1.DISPLIST,SYSUT1,SHR,IEBGENER,,,,,Yes,Dataset
AWS.M2.CARDDEMO.LST(&MEM),BATCMP.jcl,aws-mainframe-modernization-carddemo-main/samples/jcl/BATCMP.jcl,JCL,BATCMP.COMPILE,SYSPRINT,SHR,IGYCRCTL,,,,,Yes,Dataset
AWS.M2.CARDDEMO.LST(&MEM),BATCMP.jcl,aws-mainframe-modernization-carddemo-main/samples/jcl/BATCMP.jcl,JCL,BATCMP.CBLPRINT,SYSUT1,SHR,IEBGENER,,,,,Yes,Dataset
AWS.M2.CARDDEMO.LST(&MEM),CICCMP.jcl,aws-mainframe-modernization-carddemo-main/samples/jcl/CICCMP.jcl,JCL,CICSCMP.COB,SYSPRINT,SHR,IGYCRCTL,,,,,Yes,Dataset
AWS.M2.CARDDEMO.LST(&MEM),CICCMP.jcl,aws-mainframe-modernization-carddemo-main/samples/jcl/CICCMP.jcl,JCL,CICSCMP.DISPLIST,SYSUT1,SHR,IEBGENER,,,,,Yes,Dataset
AWS.M2.CARDDEMO.PAUTDB.CHILD.FILEO,LOADPADB.JCL,aws-mainframe-modernization-carddemo-main/app/app-authorization-ims-db2-mq/jcl/LOADPADB.JCL,JCL,STEP01,INFILE2,SHR,DFSRRC00,,,,,Yes,Dataset
AWS.M2.CARDDEMO.PAUTDB.CHILD.FILEO,UNLDPADB.JCL,aws-mainframe-modernization-carddemo-main/app/app-authorization-ims-db2-mq/jcl/UNLDPADB.JCL,JCL,STEP0,DD2,"OLD,DELETE,DELETE",IEFBR14,,,,,Yes,Dataset
AWS.M2.CARDDEMO.PAUTDB.CHILD.FILEO,UNLDPADB.JCL,aws-mainframe-modernization-carddemo-main/app/app-authorization-ims-db2-mq/jcl/UNLDPADB.JCL,JCL,STEP01,OUTFIL2,"NEW,CATLG,DELETE",DFSRRC00,,,,,Yes,Dataset
AWS.M2.CARDDEMO.PAUTDB.CHILD.GSAM,UNLDGSAM.JCL,aws-mainframe-modernization-carddemo-main/app/app-authorization-ims-db2-mq/jcl/UNLDGSAM.JCL,JCL,STEP01,PADFILOP,"OLD,KEEP,KEEP",DFSRRC00,,,,,Yes,Dataset
AWS.M2.CARDDEMO.PAUTDB.ROOT.FILEO,LOADPADB.JCL,aws-mainframe-modernization-carddemo-main/app/app-authorization-ims-db2-mq/jcl/LOADPADB.JCL,JCL,STEP01,INFILE1,SHR,DFSRRC00,,,,,Yes,Dataset
AWS.M2.CARDDEMO.PAUTDB.ROOT.FILEO,UNLDPADB.JCL,aws-mainframe-modernization-carddemo-main/app/app-authorization-ims-db2-mq/jcl/UNLDPADB.JCL,JCL,STEP0,DD1,"OLD,DELETE,DELETE",IEFBR14,,,,,Yes,Dataset
AWS.M2.CARDDEMO.PAUTDB.ROOT.FILEO,UNLDPADB.JCL,aws-mainframe-modernization-carddemo-main/app/app-authorization-ims-db2-mq/jcl/UNLDPADB.JCL,JCL,STEP01,OUTFIL1,"NEW,CATLG,DELETE",DFSRRC00,,,,,Yes,Dataset
AWS.M2.CARDDEMO.PAUTDB.ROOT.GSAM,UNLDGSAM.JCL,aws-mainframe-modernization-carddemo-main/app/app-authorization-ims-db2-mq/jcl/UNLDGSAM.JCL,JCL,STEP01,PASFILOP,"OLD,KEEP,KEEP",DFSRRC00,,,,,Yes,Dataset
AWS.M2.CARDDEMO.STATEMNT.HTML,CBSTM03A.cbl,aws-mainframe-modernization-carddemo-main/app/cbl/CBSTM03A.CBL,COBOL,,HTMLFILE,,,HTML-FILE,,,WRITE,,Dataset
AWS.M2.CARDDEMO.STATEMNT.HTML,CREASTMT.JCL,aws-mainframe-modernization-carddemo-main/app/jcl/CREASTMT.JCL,JCL,STEP030,HTMLFILE,"MOD,DELETE,DELETE",IEFBR14,,,,,Yes,Dataset
AWS.M2.CARDDEMO.STATEMNT.HTML,CREASTMT.JCL,aws-mainframe-modernization-carddemo-main/app/jcl/CREASTMT.JCL,JCL,STEP040,HTMLFILE,"NEW,CATLG,DELETE",CBSTM03A,,,,,No,Dataset
AWS.M2.CARDDEMO.STATEMNT.PS,CBSTM03A.cbl,aws-mainframe-modernization-carddemo-main/app/cbl/CBSTM03A.CBL,COBOL,,STMTFILE,,,STMT-FILE,,,WRITE,,Dataset
AWS.M2.CARDDEMO.STATEMNT.PS,CREASTMT.JCL,aws-mainframe-modernization-carddemo-main/app/jcl/CREASTMT.JCL,JCL,STEP030,STMTFILE,"MOD,DELETE,DELETE",IEFBR14,,,,,Yes,Dataset
AWS.M2.CARDDEMO.STATEMNT.PS,CREASTMT.JCL,aws-mainframe-modernization-carddemo-main/app/jcl/CREASTMT.JCL,JCL,STEP040,STMTFILE,"NEW,CATLG,DELETE",CBSTM03A,,,,,No,Dataset
AWS.M2.CARDDEMO.STATEMNT.PS,TXT2PDF1.JCL,aws-mainframe-modernization-carddemo-main/app/jcl/TXT2PDF1.JCL,JCL,TXT2PDF,INDD,SHR,IKJEFT1B,,,,,Yes,Dataset
AWS.M2.CARDDEMO.SYSTRAN,CBACT04C.cbl,aws-mainframe-modernization-carddemo-main/app/cbl/CBACT04C.cbl,COBOL,,TRANSACT,,,TRANSACT-FILE,TRAN-RECORD,aws-mainframe-modernization-carddemo-main/app/cpy/CVTRA05Y.cpy,WRITE,,GDG Base
AWS.M2.CARDDEMO.SYSTRAN,COMBTRAN.jcl,aws-mainframe-modernization-carddemo-main/app/jcl/COMBTRAN.jcl,JCL,STEP05R,SORTIN,SHR,SORT,,,,,Yes,GDG Base
AWS.M2.CARDDEMO.SYSTRAN,DEFGDGB.jcl,aws-mainframe-modernization-carddemo-main/app/jcl/DEFGDGB.jcl,JCL,STEP05,,,IDCAMS,,,,,Yes,GDG Base
AWS.M2.CARDDEMO.SYSTRAN,INTCALC.jcl,aws-mainframe-modernization-carddemo-main/app/jcl/INTCALC.jcl,JCL,STEP15,TRANSACT,"NEW,CATLG,DELETE",CBACT04C,,,,,No,GDG Base
AWS.M2.CARDDEMO.TCATBALF.BKUP,DEFGDGB.jcl,aws-mainframe-modernization-carddemo-main/app/jcl/DEFGDGB.jcl,JCL,STEP05,,,IDCAMS,,,,,Yes,GDG Base
AWS.M2.CARDDEMO.TCATBALF.BKUP,PRTCATBL.jcl,aws-mainframe-modernization-carddemo-main/app/jcl/PRTCATBL.jcl,JCL,STEP05R.PRC001,FILEOUT,"NEW,CATLG,DELETE",IDCAMS,,,,,Yes,GDG Base
AWS.M2.CARDDEMO.TCATBALF.BKUP,PRTCATBL.jcl,aws-mainframe-modernization-carddemo-main/app/jcl/PRTCATBL.jcl,JCL,STEP10R,SORTIN,SHR,SORT,,,,,Yes,GDG Base
AWS.M2.CARDDEMO.TCATBALF.PS,TCATBALF.jcl,aws-mainframe-modernization-carddemo-main/app/jcl/TCATBALF.jcl,JCL,STEP15,TCATBAL,SHR,IDCAMS,,,,,Yes,Non-VSAM
AWS.M2.CARDDEMO.TCATBALF.REPT,PRTCATBL.jcl,aws-mainframe-modernization-carddemo-main/app/jcl/PRTCATBL.jcl,JCL,DELDEF,THEFILE,"MOD,DELETE",IEFBR14,,,,,Yes,Non-VSAM
AWS.M2.CARDDEMO.TCATBALF.REPT,PRTCATBL.jcl,aws-mainframe-modernization-carddemo-main/app/jcl/PRTCATBL.jcl,JCL,STEP10R,SORTOUT,"NEW,CATLG,DELETE",SORT,,,,,Yes,Non-VSAM
AWS.M2.CARDDEMO.TCATBALF.VSAM.KSDS,CBACT04C.cbl,aws-mainframe-modernization-carddemo-main/app/cbl/CBACT04C.cbl,COBOL,,TCATBALF,,,TCATBAL-FILE,TRAN-CAT-BAL-RECORD,aws-mainframe-modernization-carddemo-main/app/cpy/CVTRA01Y.cpy,READ,,VSAM-KSDS
AWS.M2.CARDDEMO.TCATBALF.VSAM.KSDS,CBTRN02C.cbl,aws-mainframe-modernization-carddemo-main/app/cbl/CBTRN02C.cbl,COBOL,,TCATBALF,,,TCATBAL-FILE,TRAN-CAT-BAL-RECORD,aws-mainframe-modernization-carddemo-main/app/cpy/CVTRA01Y.cpy,READ; UPDATE; WRITE,,VSAM-KSDS
AWS.M2.CARDDEMO.TCATBALF.VSAM.KSDS,INTCALC.jcl,aws-mainframe-modernization-carddemo-main/app/jcl/INTCALC.jcl,JCL,STEP15,TCATBALF,SHR,CBACT04C,,,,,No,VSAM-KSDS
AWS.M2.CARDDEMO.TCATBALF.VSAM.KSDS,POSTTRAN.jcl,aws-mainframe-modernization-carddemo-main/app/jcl/POSTTRAN.jcl,JCL,STEP15,TCATBALF,SHR,CBTRN02C,,,,,No,VSAM-KSDS
AWS.M2.CARDDEMO.TCATBALF.VSAM.KSDS,PRTCATBL.jcl,aws-mainframe-modernization-carddemo-main/app/jcl/PRTCATBL.jcl,JCL,STEP05R.PRC001,FILEIN,SHR,IDCAMS,,,,,Yes,VSAM-KSDS
AWS.M2.CARDDEMO.TCATBALF.VSAM.KSDS,TCATBALF.jcl,aws-mainframe-modernization-carddemo-main/app/jcl/TCATBALF.jcl,JCL,STEP05,,,IDCAMS,,,,,Yes,VSAM-KSDS
AWS.M2.CARDDEMO.TCATBALF.VSAM.KSDS,TCATBALF.jcl,aws-mainframe-modernization-carddemo-main/app/jcl/TCATBALF.jcl,JCL,STEP10,,,IDCAMS,,,,,Yes,VSAM-KSDS
AWS.M2.CARDDEMO.TCATBALF.VSAM.KSDS,TCATBALF.jcl,aws-mainframe-modernization-carddemo-main/app/jcl/TCATBALF.jcl,JCL,STEP15,TCATBALV,OLD,IDCAMS,,,,,Yes,VSAM-KSDS
AWS.M2.CARDDEMO.TRANCATG.PS,DEFGDGD.jcl,aws-mainframe-modernization-carddemo-main/app/jcl/DEFGDGD.jcl,JCL,STEP40,SYSUT1,SHR,IEBGENER,,,,,Yes,Non-VSAM
AWS.M2.CARDDEMO.TRANCATG.PS,TRANCATG.jcl,aws-mainframe-modernization-carddemo-main/app/jcl/TRANCATG.jcl,JCL,STEP15,TRANCATG,SHR,IDCAMS,,,,,Yes,Non-VSAM
AWS.M2.CARDDEMO.TRANCATG.PS,TRANEXTR.jcl,aws-mainframe-modernization-carddemo-main/app/app-transaction-type-db2/jcl/TRANEXTR.jcl,JCL,STEP20,SYSUT1,SHR,IEBGENER,,,,,Yes,Non-VSAM
AWS.M2.CARDDEMO.TRANCATG.PS,TRANEXTR.jcl,aws-mainframe-modernization-carddemo-main/app/app-transaction-type-db2/jcl/TRANEXTR.jcl,JCL,STEP30,DD02,"MOD,DELETE,DELETE",IEFBR14,,,,,Yes,Non-VSAM
AWS.M2.CARDDEMO.TRANCATG.PS,TRANEXTR.jcl,aws-mainframe-modernization-carddemo-main/app/app-transaction-type-db2/jcl/TRANEXTR.jcl,JCL,STEP50,SYSREC00,"NEW,CATLG,DELETE",IKJEFT01,,,,,Yes,Non-VSAM
AWS.M2.CARDDEMO.TRANCATG.PS.BKUP,DEFGDGD.jcl,aws-mainframe-modernization-carddemo-main/app/jcl/DEFGDGD.jcl,JCL,STEP30,,,IDCAMS,,,,,Yes,Dataset
AWS.M2.CARDDEMO.TRANCATG.PS.BKUP,DEFGDGD.jcl,aws-mainframe-modernization-carddemo-main/app/jcl/DEFGDGD.jcl,JCL,STEP40,SYSUT2,"NEW,CATLG",IEBGENER,,,,,Yes,Dataset
AWS.M2.CARDDEMO.TRANCATG.PS.BKUP,TRANEXTR.jcl,aws-mainframe-modernization-carddemo-main/app/app-transaction-type-db2/jcl/TRANEXTR.jcl,JCL,STEP20,SYSUT2,"NEW,CATLG",IEBGENER,,,,,Yes,Dataset
AWS.M2.CARDDEMO.TRANCATG.VSAM.KSDS,CBTRN03C.cbl,aws-mainframe-modernization-carddemo-main/app/cbl/CBTRN03C.cbl,COBOL,,TRANCATG,,,TRANCATG-FILE,TRAN-CAT-RECORD,aws-mainframe-modernization-carddemo-main/app/cpy/CVTRA04Y.cpy,READ,,VSAM-KSDS
AWS.M2.CARDDEMO.TRANCATG.VSAM.KSDS,TRANCATG.jcl,aws-mainframe-modernization-carddemo-main/app/jcl/TRANCATG.jcl,JCL,STEP05,,,IDCAMS,,,,,Yes,VSAM-KSDS
AWS.M2.CARDDEMO.TRANCATG.VSAM.KSDS,TRANCATG.jcl,aws-mainframe-modernization-carddemo-main/app/jcl/TRANCATG.jcl,JCL,STEP10,,,IDCAMS,,,,,Yes,VSAM-KSDS
AWS.M2.CARDDEMO.TRANCATG.VSAM.KSDS,TRANCATG.jcl,aws-mainframe-modernization-carddemo-main/app/jcl/TRANCATG.jcl,JCL,STEP15,TCATVSAM,OLD,IDCAMS,,,,,Yes,VSAM-KSDS
AWS.M2.CARDDEMO.TRANCATG.VSAM.KSDS,TRANREPT.jcl,aws-mainframe-modernization-carddemo-main/app/jcl/TRANREPT.jcl,JCL,STEP10R,TRANCATG,SHR,CBTRN03C,,,,,No,VSAM-KSDS
AWS.M2.CARDDEMO.TRANREPT,CBTRN03C.cbl,aws-mainframe-modernization-carddemo-main/app/cbl/CBTRN03C.cbl,COBOL,,TRANREPT,,,REPORT-FILE,REPORT-PAGE-TOTALS,aws-mainframe-modernization-carddemo-main/app/cpy/CVTRA07Y.cpy,WRITE,,GDG Base
AWS.M2.CARDDEMO.TRANREPT,CBTRN03C.cbl,aws-mainframe-modernization-carddemo-main/app/cbl/CBTRN03C.cbl,COBOL,,TRANREPT,,,REPORT-FILE,TRANSACTION-HEADER-2,aws-mainframe-modernization-carddemo-main/app/cpy/CVTRA07Y.cpy,WRITE,,GDG Base
AWS.M2.CARDDEMO.TRANREPT,CBTRN03C.cbl,aws-mainframe-modernization-carddemo-main/app/cbl/CBTRN03C.cbl,COBOL,,TRANREPT,,,REPORT-FILE,REPORT-ACCOUNT-TOTALS,aws-mainframe-modernization-carddemo-main/app/cpy/CVTRA07Y.cpy,WRITE,,GDG Base
AWS.M2.CARDDEMO.TRANREPT,CBTRN03C.cbl,aws-mainframe-modernization-carddemo-main/app/cbl/CBTRN03C.cbl,COBOL,,TRANREPT,,,REPORT-FILE,REPORT-GRAND-TOTALS,aws-mainframe-modernization-carddemo-main/app/cpy/CVTRA07Y.cpy,WRITE,,GDG Base
AWS.M2.CARDDEMO.TRANREPT,CBTRN03C.cbl,aws-mainframe-modernization-carddemo-main/app/cbl/CBTRN03C.cbl,COBOL,,TRANREPT,,,REPORT-FILE,REPORT-NAME-HEADER,aws-mainframe-modernization-carddemo-main/app/cpy/CVTRA07Y.cpy,WRITE,,GDG Base
AWS.M2.CARDDEMO.TRANREPT,CBTRN03C.cbl,aws-mainframe-modernization-carddemo-main/app/cbl/CBTRN03C.cbl,COBOL,,TRANREPT,,,REPORT-FILE,TRANSACTION-HEADER-1,aws-mainframe-modernization-carddemo-main/app/cpy/CVTRA07Y.cpy,WRITE,,GDG Base
AWS.M2.CARDDEMO.TRANREPT,CBTRN03C.cbl,aws-mainframe-modernization-carddemo-main/app/cbl/CBTRN03C.cbl,COBOL,,TRANREPT,,,REPORT-FILE,TRANSACTION-DETAIL-REPORT,aws-mainframe-modernization-carddemo-main/app/cpy/CVTRA07Y.cpy,WRITE,,GDG Base
AWS.M2.CARDDEMO.TRANREPT,DEFGDGB.jcl,aws-mainframe-modernization-carddemo-main/app/jcl/DEFGDGB.jcl,JCL,STEP05,,,IDCAMS,,,,,Yes,GDG Base
AWS.M2.CARDDEMO.TRANREPT,REPTFILE.jcl,aws-mainframe-modernization-carddemo-main/app/jcl/REPTFILE.jcl,JCL,STEP05,,,IDCAMS,,,,,Yes,GDG Base
AWS.M2.CARDDEMO.TRANREPT,TRANREPT.jcl,aws-mainframe-modernization-carddemo-main/app/jcl/TRANREPT.jcl,JCL,STEP10R,TRANREPT,"NEW,CATLG,DELETE",CBTRN03C,,,,,No,GDG Base
AWS.M2.CARDDEMO.TRANSACT.BKUP,COMBTRAN.jcl,aws-mainframe-modernization-carddemo-main/app/jcl/COMBTRAN.jcl,JCL,STEP05R,SORTIN,SHR,SORT,,,,,Yes,GDG Base
AWS.M2.CARDDEMO.TRANSACT.BKUP,DEFGDGB.jcl,aws-mainframe-modernization-carddemo-main/app/jcl/DEFGDGB.jcl,JCL,STEP05,,,IDCAMS,,,,,Yes,GDG Base
AWS.M2.CARDDEMO.TRANSACT.BKUP,REPRTEST.jcl,aws-mainframe-modernization-carddemo-main/samples/jcl/REPRTEST.jcl,JCL,STEP05.PRC001,FILEOUT,"NEW,CATLG,DELETE",IDCAMS,,,,,Yes,GDG Base
AWS.M2.CARDDEMO.TRANSACT.BKUP,SORTTEST.jcl,aws-mainframe-modernization-carddemo-main/samples/jcl/SORTTEST.jcl,JCL,STEP05R,SORTIN,SHR,SORT,,,,,Yes,GDG Base
AWS.M2.CARDDEMO.TRANSACT.BKUP,TRANBKP.jcl,aws-mainframe-modernization-carddemo-main/app/jcl/TRANBKP.jcl,JCL,STEP05R.PRC001,FILEOUT,"NEW,CATLG,DELETE",IDCAMS,,,,,Yes,GDG Base
AWS.M2.CARDDEMO.TRANSACT.BKUP,TRANREPT.jcl,aws-mainframe-modernization-carddemo-main/app/jcl/TRANREPT.jcl,JCL,STEP05R.PRC001,FILEOUT,"NEW,CATLG,DELETE",IDCAMS,,,,,Yes,GDG Base
AWS.M2.CARDDEMO.TRANSACT.BKUP,TRANREPT.jcl,aws-mainframe-modernization-carddemo-main/app/jcl/TRANREPT.jcl,JCL,STEP05R,SORTIN,SHR,SORT,,,,,Yes,GDG Base
AWS.M2.CARDDEMO.TRANSACT.COMBINED,COMBTRAN.jcl,aws-mainframe-modernization-carddemo-main/app/jcl/COMBTRAN.jcl,JCL,STEP05R,SORTOUT,"NEW,CATLG,DELETE",SORT,,,,,Yes,GDG Base
AWS.M2.CARDDEMO.TRANSACT.COMBINED,COMBTRAN.jcl,aws-mainframe-modernization-carddemo-main/app/jcl/COMBTRAN.jcl,JCL,STEP10,TRANSACT,SHR,IDCAMS,,,,,Yes,GDG Base
AWS.M2.CARDDEMO.TRANSACT.COMBINED,DEFGDGB.jcl,aws-mainframe-modernization-carddemo-main/app/jcl/DEFGDGB.jcl,JCL,STEP05,,,IDCAMS,,,,,Yes,GDG Base
AWS.M2.CARDDEMO.TRANSACT.DALY,CBTRN03C.cbl,aws-mainframe-modernization-carddemo-main/app/cbl/CBTRN03C.cbl,COBOL,,TRANFILE,,,TRANSACT-FILE,TRAN-RECORD,aws-mainframe-modernization-carddemo-main/app/cpy/CVTRA05Y.cpy,READ,,GDG Base
AWS.M2.CARDDEMO.TRANSACT.DALY,DEFGDGB.jcl,aws-mainframe-modernization-carddemo-main/app/jcl/DEFGDGB.jcl,JCL,STEP05,,,IDCAMS,,,,,Yes,GDG Base
AWS.M2.CARDDEMO.TRANSACT.DALY,SORTTEST.jcl,aws-mainframe-modernization-carddemo-main/samples/jcl/SORTTEST.jcl,JCL,STEP05R,SORTOUT,"NEW,CATLG,DELETE",SORT,,,,,Yes,GDG Base
AWS.M2.CARDDEMO.TRANSACT.DALY,TRANREPT.jcl,aws-mainframe-modernization-carddemo-main/app/jcl/TRANREPT.jcl,JCL,STEP05R,SORTOUT,"NEW,CATLG,DELETE",SORT,,,,,Yes,GDG Base
AWS.M2.CARDDEMO.TRANSACT.DALY,TRANREPT.jcl,aws-mainframe-modernization-carddemo-main/app/jcl/TRANREPT.jcl,JCL,STEP10R,TRANFILE,SHR,CBTRN03C,,,,,No,GDG Base
AWS.M2.CARDDEMO.TRANSACT.IMPORT,CBIMPORT.cbl,aws-mainframe-modernization-carddemo-main/app/cbl/CBIMPORT.cbl,COBOL,,TRNXOUT,,,TRANSACTION-OUTPUT,,,WRITE,,Dataset
AWS.M2.CARDDEMO.TRANSACT.IMPORT,CBIMPORT.jcl,aws-mainframe-modernization-carddemo-main/app/jcl/CBIMPORT.jcl,JCL,STEP01,TRNXOUT,"NEW,CATLG,DELETE",CBIMPORT,,,,,No,Dataset
AWS.M2.CARDDEMO.TRANSACT.VSAM.AIX,TRANBKP.jcl,aws-mainframe-modernization-carddemo-main/app/jcl/TRANBKP.jcl,JCL,STEP05,,,IDCAMS,,,,,Yes,VSAM-AIX
AWS.M2.CARDDEMO.TRANSACT.VSAM.AIX,TRANFILE.jcl,aws-mainframe-modernization-carddemo-main/app/jcl/TRANFILE.jcl,JCL,STEP05,,,IDCAMS,,,,,Yes,VSAM-AIX
AWS.M2.CARDDEMO.TRANSACT.VSAM.AIX,TRANFILE.jcl,aws-mainframe-modernization-carddemo-main/app/jcl/TRANFILE.jcl,JCL,STEP20,,,IDCAMS,,,,,Yes,VSAM-AIX
AWS.M2.CARDDEMO.TRANSACT.VSAM.AIX,TRANIDX.jcl,aws-mainframe-modernization-carddemo-main/app/jcl/TRANIDX.jcl,JCL,STEP20,,,IDCAMS,,,,,Yes,VSAM-AIX
AWS.M2.CARDDEMO.TRANSACT.VSAM.AIX.PATH,TRANFILE.jcl,aws-mainframe-modernization-carddemo-main/app/jcl/TRANFILE.jcl,JCL,STEP25,,,IDCAMS,,,,,Yes,VSAM-PATH
AWS.M2.CARDDEMO.TRANSACT.VSAM.AIX.PATH,TRANIDX.jcl,aws-mainframe-modernization-carddemo-main/app/jcl/TRANIDX.jcl,JCL,STEP25,,,IDCAMS,,,,,Yes,VSAM-PATH
AWS.M2.CARDDEMO.TRANSACT.VSAM.KSDS,CBEXPORT.cbl,aws-mainframe-modernization-carddemo-main/app/cbl/CBEXPORT.cbl,COBOL,,TRANSACT,,,TRANSACTION-INPUT,,,READ,,VSAM-KSDS
AWS.M2.CARDDEMO.TRANSACT.VSAM.KSDS,CBEXPORT.jcl,aws-mainframe-modernization-carddemo-main/app/jcl/CBEXPORT.jcl,JCL,STEP02,TRANSACT,SHR,CBEXPORT,,,,,No,VSAM-KSDS
AWS.M2.CARDDEMO.TRANSACT.VSAM.KSDS,CBTRN02C.cbl,aws-mainframe-modernization-carddemo-main/app/cbl/CBTRN02C.cbl,COBOL,,TRANFILE,,,TRANSACT-FILE,TRAN-RECORD,aws-mainframe-modernization-carddemo-main/app/cpy/CVTRA05Y.cpy,WRITE,,VSAM-KSDS
AWS.M2.CARDDEMO.TRANSACT.VSAM.KSDS,COBIL00C.cbl,aws-mainframe-modernization-carddemo-main/app/cbl/COBIL00C.cbl,COBOL,,,,,TRANSACT,,,READ; WRITE,,VSAM-KSDS
AWS.M2.CARDDEMO.TRANSACT.VSAM.KSDS,COMBTRAN.jcl,aws-mainframe-modernization-carddemo-main/app/jcl/COMBTRAN.jcl,JCL,STEP10,TRANVSAM,SHR,IDCAMS,,,,,Yes,VSAM-KSDS
AWS.M2.CARDDEMO.TRANSACT.VSAM.KSDS,COTRN00C.cbl,aws-mainframe-modernization-carddemo-main/app/cbl/COTRN00C.cbl,COBOL,,,,,TRANSACT,,,READ,,VSAM-KSDS
AWS.M2.CARDDEMO.TRANSACT.VSAM.KSDS,COTRN01C.cbl,aws-mainframe-modernization-carddemo-main/app/cbl/COTRN01C.cbl,COBOL,,,,,TRANSACT,,,READ,,VSAM-KSDS
AWS.M2.CARDDEMO.TRANSACT.VSAM.KSDS,COTRN02C.cbl,aws-mainframe-modernization-carddemo-main/app/cbl/COTRN02C.cbl,COBOL,,,,,TRANSACT,,,READ; WRITE,,VSAM-KSDS
AWS.M2.CARDDEMO.TRANSACT.VSAM.KSDS,CREASTMT.JCL,aws-mainframe-modernization-carddemo-main/app/jcl/CREASTMT.JCL,JCL,STEP010,SORTIN,SHR,SORT,,,,,Yes,VSAM-KSDS
AWS.M2.CARDDEMO.TRANSACT.VSAM.KSDS,POSTTRAN.jcl,aws-mainframe-modernization-carddemo-main/app/jcl/POSTTRAN.jcl,JCL,STEP15,TRANFILE,SHR,CBTRN02C,,,,,No,VSAM-KSDS
AWS.M2.CARDDEMO.TRANSACT.VSAM.KSDS,REPRTEST.jcl,aws-mainframe-modernization-carddemo-main/samples/jcl/REPRTEST.jcl,JCL,STEP05.PRC001,FILEIN,SHR,IDCAMS,,,,,Yes,VSAM-KSDS
AWS.M2.CARDDEMO.TRANSACT.VSAM.KSDS,TRANBKP.jcl,aws-mainframe-modernization-carddemo-main/app/jcl/TRANBKP.jcl,JCL,STEP05R.PRC001,FILEIN,SHR,IDCAMS,,,,,Yes,VSAM-KSDS
AWS.M2.CARDDEMO.TRANSACT.VSAM.KSDS,TRANBKP.jcl,aws-mainframe-modernization-carddemo-main/app/jcl/TRANBKP.jcl,JCL,STEP05,,,IDCAMS,,,,,Yes,VSAM-KSDS
AWS.M2.CARDDEMO.TRANSACT.VSAM.KSDS,TRANBKP.jcl,aws-mainframe-modernization-carddemo-main/app/jcl/TRANBKP.jcl,JCL,STEP10,,,IDCAMS,,,,,Yes,VSAM-KSDS
AWS.M2.CARDDEMO.TRANSACT.VSAM.KSDS,TRANFILE.jcl,aws-mainframe-modernization-carddemo-main/app/jcl/TRANFILE.jcl,JCL,STEP05,,,IDCAMS,,,,,Yes,VSAM-KSDS
AWS.M2.CARDDEMO.TRANSACT.VSAM.KSDS,TRANFILE.jcl,aws-mainframe-modernization-carddemo-main/app/jcl/TRANFILE.jcl,JCL,STEP10,,,IDCAMS,,,,,Yes,VSAM-KSDS
AWS.M2.CARDDEMO.TRANSACT.VSAM.KSDS,TRANFILE.jcl,aws-mainframe-modernization-carddemo-main/app/jcl/TRANFILE.jcl,JCL,STEP15,TRANVSAM,SHR,IDCAMS,,,,,Yes,VSAM-KSDS
AWS.M2.CARDDEMO.TRANSACT.VSAM.KSDS,TRANREPT.jcl,aws-mainframe-modernization-carddemo-main/app/jcl/TRANREPT.jcl,JCL,STEP05R.PRC001,FILEIN,SHR,IDCAMS,,,,,Yes,VSAM-KSDS
AWS.M2.CARDDEMO.TRANTYPE.BKUP,DEFGDGD.jcl,aws-mainframe-modernization-carddemo-main/app/jcl/DEFGDGD.jcl,JCL,STEP10,,,IDCAMS,,,,,Yes,Dataset
AWS.M2.CARDDEMO.TRANTYPE.BKUP,DEFGDGD.jcl,aws-mainframe-modernization-carddemo-main/app/jcl/DEFGDGD.jcl,JCL,STEP20,SYSUT2,"NEW,CATLG",IEBGENER,,,,,Yes,Dataset
AWS.M2.CARDDEMO.TRANTYPE.BKUP,TRANEXTR.jcl,aws-mainframe-modernization-carddemo-main/app/app-transaction-type-db2/jcl/TRANEXTR.jcl,JCL,STEP10,SYSUT2,"NEW,CATLG",IEBGENER,,,,,Yes,Dataset
AWS.M2.CARDDEMO.TRANTYPE.PS,DEFGDGD.jcl,aws-mainframe-modernization-carddemo-main/app/jcl/DEFGDGD.jcl,JCL,STEP20,SYSUT1,SHR,IEBGENER,,,,,Yes,Non-VSAM
AWS.M2.CARDDEMO.TRANTYPE.PS,TRANEXTR.jcl,aws-mainframe-modernization-carddemo-main/app/app-transaction-type-db2/jcl/TRANEXTR.jcl,JCL,STEP10,SYSUT1,SHR,IEBGENER,,,,,Yes,Non-VSAM
AWS.M2.CARDDEMO.TRANTYPE.PS,TRANEXTR.jcl,aws-mainframe-modernization-carddemo-main/app/app-transaction-type-db2/jcl/TRANEXTR.jcl,JCL,STEP30,DD01,"MOD,DELETE,DELETE",IEFBR14,,,,,Yes,Non-VSAM
AWS.M2.CARDDEMO.TRANTYPE.PS,TRANEXTR.jcl,aws-mainframe-modernization-carddemo-main/app/app-transaction-type-db2/jcl/TRANEXTR.jcl,JCL,STEP40,SYSREC00,"NEW,CATLG,DELETE",IKJEFT01,,,,,Yes,Non-VSAM
AWS.M2.CARDDEMO.TRANTYPE.PS,TRANTYPE.jcl,aws-mainframe-modernization-carddemo-main/app/jcl/TRANTYPE.jcl,JCL,STEP15,TRANTYPE,SHR,IDCAMS,,,,,Yes,Non-VSAM
AWS.M2.CARDDEMO.TRANTYPE.VSAM.KSDS,CBTRN03C.cbl,aws-mainframe-modernization-carddemo-main/app/cbl/CBTRN03C.cbl,COBOL,,TRANTYPE,,,TRANTYPE-FILE,TRAN-TYPE-RECORD,aws-mainframe-modernization-carddemo-main/app/cpy/CVTRA03Y.cpy,READ,,VSAM-KSDS
AWS.M2.CARDDEMO.TRANTYPE.VSAM.KSDS,TRANREPT.jcl,aws-mainframe-modernization-carddemo-main/app/jcl/TRANREPT.jcl,JCL,STEP10R,TRANTYPE,SHR,CBTRN03C,,,,,No,VSAM-KSDS
AWS.M2.CARDDEMO.TRANTYPE.VSAM.KSDS,TRANTYPE.jcl,aws-mainframe-modernization-carddemo-main/app/jcl/TRANTYPE.jcl,JCL,STEP05,,,IDCAMS,,,,,Yes,VSAM-KSDS
AWS.M2.CARDDEMO.TRANTYPE.VSAM.KSDS,TRANTYPE.jcl,aws-mainframe-modernization-carddemo-main/app/jcl/TRANTYPE.jcl,JCL,STEP10,,,IDCAMS,,,,,Yes,VSAM-KSDS
AWS.M2.CARDDEMO.TRANTYPE.VSAM.KSDS,TRANTYPE.jcl,aws-mainframe-modernization-carddemo-main/app/jcl/TRANTYPE.jcl,JCL,STEP15,TTYPVSAM,OLD,IDCAMS,,,,,Yes,VSAM-KSDS
AWS.M2.CARDDEMO.TRXFL.SEQ,CREASTMT.JCL,aws-mainframe-modernization-carddemo-main/app/jcl/CREASTMT.JCL,JCL,DELDEF01,,,IDCAMS,,,,,Yes,Dataset
AWS.M2.CARDDEMO.TRXFL.SEQ,CREASTMT.JCL,aws-mainframe-modernization-carddemo-main/app/jcl/CREASTMT.JCL,JCL,STEP010,SORTOUT,"NEW,CATLG,DELETE",SORT,,,,,Yes,Dataset
AWS.M2.CARDDEMO.TRXFL.SEQ,CREASTMT.JCL,aws-mainframe-modernization-carddemo-main/app/jcl/CREASTMT.JCL,JCL,STEP020,INFILE,SHR,IDCAMS,,,,,Yes,Dataset
AWS.M2.CARDDEMO.TRXFL.VSAM.KSDS,CBSTM03B.cbl,aws-mainframe-modernization-carddemo-main/app/cbl/CBSTM03B.CBL,COBOL,,TRNXFILE,,,TRNX-FILE,,,READ,,VSAM KSDS
AWS.M2.CARDDEMO.TRXFL.VSAM.KSDS,CREASTMT.JCL,aws-mainframe-modernization-carddemo-main/app/jcl/CREASTMT.JCL,JCL,DELDEF01,,,IDCAMS,,,,,Yes,VSAM KSDS
AWS.M2.CARDDEMO.TRXFL.VSAM.KSDS,CREASTMT.JCL,aws-mainframe-modernization-carddemo-main/app/jcl/CREASTMT.JCL,JCL,STEP020,OUTFILE,SHR,IDCAMS,,,,,Yes,VSAM KSDS
AWS.M2.CARDDEMO.TRXFL.VSAM.KSDS,CREASTMT.JCL,aws-mainframe-modernization-carddemo-main/app/jcl/CREASTMT.JCL,JCL,STEP040,TRNXFILE,SHR,CBSTM03B,,,,,No,VSAM KSDS
AWS.M2.CARDDEMO.USRSEC.PS,DUSRSECJ.jcl,aws-mainframe-modernization-carddemo-main/app/jcl/DUSRSECJ.jcl,JCL,PREDEL,DD01,"MOD,DELETE,DELETE",IEFBR14,,,,,Yes,Non-VSAM
AWS.M2.CARDDEMO.USRSEC.PS,DUSRSECJ.jcl,aws-mainframe-modernization-carddemo-main/app/jcl/DUSRSECJ.jcl,JCL,STEP01,SYSUT2,"NEW,CATLG,DELETE",IEBGENER,,,,,Yes,Non-VSAM
AWS.M2.CARDDEMO.USRSEC.PS,DUSRSECJ.jcl,aws-mainframe-modernization-carddemo-main/app/jcl/DUSRSECJ.jcl,JCL,STEP03,IN,SHR,IDCAMS,,,,,Yes,Non-VSAM
AWS.M2.CARDDEMO.USRSEC.VSAM.ESDS,ESDSRRDS.jcl,aws-mainframe-modernization-carddemo-main/app/jcl/ESDSRRDS.jcl,JCL,STEP02,,,IDCAMS,,,,,Yes,VSAM ESDS
AWS.M2.CARDDEMO.USRSEC.VSAM.ESDS,ESDSRRDS.jcl,aws-mainframe-modernization-carddemo-main/app/jcl/ESDSRRDS.jcl,JCL,STEP03,OUT,SHR,IDCAMS,,,,,Yes,VSAM ESDS
AWS.M2.CARDDEMO.USRSEC.VSAM.KSDS,COSGN00C.cbl,aws-mainframe-modernization-carddemo-main/app/cbl/COSGN00C.cbl,COBOL,,,,,USRSEC,,,READ,,VSAM-KSDS
AWS.M2.CARDDEMO.USRSEC.VSAM.KSDS,COUSR00C.cbl,aws-mainframe-modernization-carddemo-main/app/cbl/COUSR00C.cbl,COBOL,,,,,USRSEC,,,READ,,VSAM-KSDS
AWS.M2.CARDDEMO.USRSEC.VSAM.KSDS,COUSR01C.cbl,aws-mainframe-modernization-carddemo-main/app/cbl/COUSR01C.cbl,COBOL,,,,,USRSEC,,,WRITE,,VSAM-KSDS
AWS.M2.CARDDEMO.USRSEC.VSAM.KSDS,COUSR02C.cbl,aws-mainframe-modernization-carddemo-main/app/cbl/COUSR02C.cbl,COBOL,,,,,USRSEC,,,READ; UPDATE; WRITE,,VSAM-KSDS
AWS.M2.CARDDEMO.USRSEC.VSAM.KSDS,COUSR03C.cbl,aws-mainframe-modernization-carddemo-main/app/cbl/COUSR03C.cbl,COBOL,,,,,USRSEC,,,DELETE; READ,,VSAM-KSDS
AWS.M2.CARDDEMO.USRSEC.VSAM.KSDS,DUSRSECJ.jcl,aws-mainframe-modernization-carddemo-main/app/jcl/DUSRSECJ.jcl,JCL,STEP02,,,IDCAMS,,,,,Yes,VSAM-KSDS
AWS.M2.CARDDEMO.USRSEC.VSAM.KSDS,DUSRSECJ.jcl,aws-mainframe-modernization-carddemo-main/app/jcl/DUSRSECJ.jcl,JCL,STEP03,OUT,SHR,IDCAMS,,,,,Yes,VSAM-KSDS
AWS.M2.CARDDEMO.USRSEC.VSAM.RRDS,ESDSRRDS.jcl,aws-mainframe-modernization-carddemo-main/app/jcl/ESDSRRDS.jcl,JCL,STEP04,,,IDCAMS,,,,,Yes,VSAM RRDS
AWS.M2.CARDDEMO.USRSEC.VSAM.RRDS,ESDSRRDS.jcl,aws-mainframe-modernization-carddemo-main/app/jcl/ESDSRRDS.jcl,JCL,STEP05,OUT,SHR,IDCAMS,,,,,Yes,VSAM RRDS
AWS.M2.CARDEMO.FTP.TEST,INTRDRJ1.JCL,aws-mainframe-modernization-carddemo-main/app/jcl/INTRDRJ1.JCL,JCL,IDCAMS,IN,SHR,IDCAMS,,,,,Yes,Dataset
AWS.M2.CARDEMO.FTP.TEST.BKUP,INTRDRJ1.JCL,aws-mainframe-modernization-carddemo-main/app/jcl/INTRDRJ1.JCL,JCL,IDCAMS,OUT,SHR,IDCAMS,,,,,Yes,Dataset
AWS.M2.CARDEMO.FTP.TEST.BKUP,INTRDRJ2.JCL,aws-mainframe-modernization-carddemo-main/app/jcl/INTRDRJ2.JCL,JCL,IDCAMS,IN,SHR,IDCAMS,,,,,Yes,Dataset
AWS.M2.CARDEMO.FTP.TEST.BKUP.INTRDR,INTRDRJ2.JCL,aws-mainframe-modernization-carddemo-main/app/jcl/INTRDRJ2.JCL,JCL,IDCAMS,OUT,SHR,IDCAMS,,,,,Yes,Dataset
AWS.M2.CICSLOAD(IMSMQPGM),IMSMQCMP.jcl,aws-mainframe-modernization-carddemo-main/samples/jcl/IMSMQCMP.jcl,JCL,LKED,SYSLMOD,SHR,IEWL,,,,,Yes,Dataset
AWS.M2.COBCOPY,IMSMQCMP.jcl,aws-mainframe-modernization-carddemo-main/samples/jcl/IMSMQCMP.jcl,JCL,COBOL,SYSLIB,SHR,IGYCRCTL,,,,,Yes,Dataset
AWS.M2.COBOL.SRC(IMSMQPGM),IMSMQCMP.jcl,aws-mainframe-modernization-carddemo-main/samples/jcl/IMSMQCMP.jcl,JCL,TRN,,SHR,DFHECP1$,,,,,Yes,Dataset
AWS.M2.LBD.TXT2PDF.EXEC,TXT2PDF1.JCL,aws-mainframe-modernization-carddemo-main/app/jcl/TXT2PDF1.JCL,JCL,TXT2PDF,SYSEXEC,SHR,IKJEFT1B,,,,,Yes,Dataset
BATCMP.jcl-&&LOADSET,BATCMP.jcl,aws-mainframe-modernization-carddemo-main/samples/jcl/BATCMP.jcl,JCL,BATCMP.COMPILE,SYSLIN,"MOD,PASS",IGYCRCTL,,,,,Yes,Dataset
BATCMP.jcl-&&LOADSET,BATCMP.jcl,aws-mainframe-modernization-carddemo-main/samples/jcl/BATCMP.jcl,JCL,BATCMP.LKED,SYSLIN,"OLD,DELETE",HEWL,,,,,Yes,Dataset
BMSCMP.jcl-&&MAP,BMSCMP.jcl,aws-mainframe-modernization-carddemo-main/samples/jcl/BMSCMP.jcl,JCL,STEP1.MAP,SYSPUNCH,",PASS",ASMA90,,,,,No,Dataset
BMSCMP.jcl-&&MAP,BMSCMP.jcl,aws-mainframe-modernization-carddemo-main/samples/jcl/BMSCMP.jcl,JCL,STEP1.LKED,SYSLIN,"OLD,DELETE",HEWL,,,,,Yes,Dataset
BMSCMP.jcl-&&TEMPM,BMSCMP.jcl,aws-mainframe-modernization-carddemo-main/samples/jcl/BMSCMP.jcl,JCL,STEP1.PRINT,SYSUT2,",PASS",IEBGENER,,,,,Yes,Dataset
BMSCMP.jcl-&&TEMPM,BMSCMP.jcl,aws-mainframe-modernization-carddemo-main/samples/jcl/BMSCMP.jcl,JCL,STEP1.MAP,,"OLD,PASS",ASMA90,,,,,No,Dataset
BMSCMP.jcl-&&TEMPM,BMSCMP.jcl,aws-mainframe-modernization-carddemo-main/samples/jcl/BMSCMP.jcl,JCL,STEP1.DSECT,,"OLD,PASS",ASMA90,,,,,No,Dataset
BMSCMP.jcl-&&TEMPM,BMSCMP.jcl,aws-mainframe-modernization-carddemo-main/samples/jcl/BMSCMP.jcl,JCL,STEP1.DELTEMP,TEMPM,"OLD,DELETE",IEFBR14,,,,,Yes,Dataset
CARDDEMO.AUTHFRDS,COPAUS2C.cbl,aws-mainframe-modernization-carddemo-main/app/app-authorization-ims-db2-mq/cbl/COPAUS2C.cbl,COBOL,,,,,CARDDEMO.AUTHFRDS,,,INSERT; UPDATE,,Database
CARDDEMO.TRANSACTION_TYPE,COBTUPDT.cbl,aws-mainframe-modernization-carddemo-main/app/app-transaction-type-db2/cbl/COBTUPDT.cbl,COBOL,,,,,CARDDEMO.TRANSACTION_TYPE,,,DELETE; INSERT; UPDATE,,Database
CARDDEMO.TRANSACTION_TYPE,COTRTLIC.cbl,aws-mainframe-modernization-carddemo-main/app/app-transaction-type-db2/cbl/COTRTLIC.cbl,COBOL,,,,,CARDDEMO.TRANSACTION_TYPE,,,DELETE; SELECT; UPDATE,,Database
CARDDEMO.TRANSACTION_TYPE,COTRTUPC.cbl,aws-mainframe-modernization-carddemo-main/app/app-transaction-type-db2/cbl/COTRTUPC.cbl,COBOL,,,,,CARDDEMO.TRANSACTION_TYPE,,,DELETE; INSERT; SELECT; UPDATE,,Database
CEE.SCEELKED,IMSMQCMP.jcl,aws-mainframe-modernization-carddemo-main/samples/jcl/IMSMQCMP.jcl,JCL,LKED,SYSLIB,SHR,IEWL,,,,,Yes,Dataset
CEE.SCEELKEX,CICDBCMP.jcl,aws-mainframe-modernization-carddemo-main/samples/jcl/CICDBCMP.jcl,JCL,CICSCMP.LKED,SYSLIB,SHR,HEWL,,,,,Yes,Dataset
CEE.SCEESAMP,IMSMQCMP.jcl,aws-mainframe-modernization-carddemo-main/samples/jcl/IMSMQCMP.jcl,JCL,COBOL,SYSLIB,SHR,IGYCRCTL,,,,,Yes,Dataset
CICCMP.jcl-&&COPYLINK,CICCMP.jcl,aws-mainframe-modernization-carddemo-main/samples/jcl/CICCMP.jcl,JCL,CICSCMP.COPYLINK,SYSUT2,"NEW,PASS",IEBGENER,,,,,Yes,Dataset
CICCMP.jcl-&&LOADSET,CICCMP.jcl,aws-mainframe-modernization-carddemo-main/samples/jcl/CICCMP.jcl,JCL,CICSCMP.COB,SYSLIN,"MOD,PASS",IGYCRCTL,,,,,Yes,Dataset
CICCMP.jcl-&&LOADSET,CICCMP.jcl,aws-mainframe-modernization-carddemo-main/samples/jcl/CICCMP.jcl,JCL,CICSCMP.LKED,SYSLIN,"OLD,DELETE",HEWL,,,,,Yes,Dataset
CICDBCMP.jcl-&&DSNHOUT,CICDBCMP.jcl,aws-mainframe-modernization-carddemo-main/samples/jcl/CICDBCMP.jcl,JCL,CICSCMP.PRECMP,SYSCIN,"NEW,PASS",DSNHPC,,,,,No,Dataset
CICDBCMP.jcl-&&DSNHOUT,CICDBCMP.jcl,aws-mainframe-modernization-carddemo-main/samples/jcl/CICDBCMP.jcl,JCL,CICSCMP.TRN,,"OLD,DELETE",DFHECP1,,,,,No,Dataset
CICDBCMP.jcl-&&LOADSET,CICDBCMP.jcl,aws-mainframe-modernization-carddemo-main/samples/jcl/CICDBCMP.jcl,JCL,CICSCMP.COBOL,SYSLIN,"MOD,PASS",IGYCRCTL,,,,,Yes,Dataset
CICDBCMP.jcl-&&SYSCIN,CICDBCMP.jcl,aws-mainframe-modernization-carddemo-main/samples/jcl/CICDBCMP.jcl,JCL,CICSCMP.TRN,SYSPUNCH,",PASS",DFHECP1,,,,,No,Dataset
CICDBCMP.jcl-&&SYSCIN,CICDBCMP.jcl,aws-mainframe-modernization-carddemo-main/samples/jcl/CICDBCMP.jcl,JCL,CICSCMP.COBOL,,"OLD,DELETE",IGYCRCTL,,,,,Yes,Dataset
CICSTS.CICS.SDFHCOB,IMSMQCMP.jcl,aws-mainframe-modernization-carddemo-main/samples/jcl/IMSMQCMP.jcl,JCL,COBOL,SYSLIB,SHR,IGYCRCTL,,,,,Yes,Dataset
CICSTS.CICS.SDFHLOAD,IMSMQCMP.jcl,aws-mainframe-modernization-carddemo-main/samples/jcl/IMSMQCMP.jcl,JCL,LKED,SYSLIB,SHR,IEWL,,,,,Yes,Dataset
IGY.SIGYCOMP.V63,BATCMP.jcl,aws-mainframe-modernization-carddemo-main/samples/jcl/BATCMP.jcl,JCL,BATCMP.COMPILE,STEPLIB,SHR,IGYCRCTL,,,,,Yes,Dataset
IGY.SIGYCOMP.V63,CICCMP.jcl,aws-mainframe-modernization-carddemo-main/samples/jcl/CICCMP.jcl,JCL,CICSCMP.COB,STEPLIB,SHR,IGYCRCTL,,,,,Yes,Dataset
IGY.SIGYCOMP.V63,CICDBCMP.jcl,aws-mainframe-modernization-carddemo-main/samples/jcl/CICDBCMP.jcl,JCL,CICSCMP.COBOL,STEPLIB,SHR,IGYCRCTL,,,,,Yes,Dataset
IMS.DBDLIB,CBPAUP0J.jcl,aws-mainframe-modernization-carddemo-main/app/app-authorization-ims-db2-mq/jcl/CBPAUP0J.jcl,JCL,STEP01,IMS,SHR,DFSRRC00,,,,,Yes,Dataset
IMS.PROCLIB,CBPAUP0J.jcl,aws-mainframe-modernization-carddemo-main/app/app-authorization-ims-db2-mq/jcl/CBPAUP0J.jcl,JCL,STEP01,PROCLIB,SHR,DFSRRC00,,,,,Yes,Dataset
IMS.PSBLIB,CBPAUP0J.jcl,aws-mainframe-modernization-carddemo-main/app/app-authorization-ims-db2-mq/jcl/CBPAUP0J.jcl,JCL,STEP01,IMS,SHR,DFSRRC00,,,,,Yes,Dataset
IMS.SDFSRESL,CBPAUP0J.jcl,aws-mainframe-modernization-carddemo-main/app/app-authorization-ims-db2-mq/jcl/CBPAUP0J.jcl,JCL,STEP01,DFSRESLB,SHR,DFSRRC00,,,,,Yes,Dataset
IMS.SDFSRESL,CBPAUP0J.jcl,aws-mainframe-modernization-carddemo-main/app/app-authorization-ims-db2-mq/jcl/CBPAUP0J.jcl,JCL,STEP01,DFSSEL,SHR,DFSRRC00,,,,,Yes,Dataset
IMS.SDFSRESL,IMSMQCMP.jcl,aws-mainframe-modernization-carddemo-main/samples/jcl/IMSMQCMP.jcl,JCL,LKED,SYSLIB,SHR,IEWL,,,,,Yes,Dataset
IMSMQCMP.jcl-&&COPYIMS,IMSMQCMP.jcl,aws-mainframe-modernization-carddemo-main/samples/jcl/IMSMQCMP.jcl,JCL,LKED,SYSLIN,"OLD,DELETE",IEWL,,,,,Yes,Dataset
IMSMQCMP.jcl-&&COPYIMS,IMSMQCMP.jcl,aws-mainframe-modernization-carddemo-main/samples/jcl/IMSMQCMP.jcl,JCL,COPYIMS,SYSUT2,"NEW,PASS",IEBGENER,,,,,Yes,Dataset
IMSMQCMP.jcl-&&COPYLINK,IMSMQCMP.jcl,aws-mainframe-modernization-carddemo-main/samples/jcl/IMSMQCMP.jcl,JCL,LKED,SYSLIN,"OLD,DELETE",IEWL,,,,,Yes,Dataset
IMSMQCMP.jcl-&&COPYLINK,IMSMQCMP.jcl,aws-mainframe-modernization-carddemo-main/samples/jcl/IMSMQCMP.jcl,JCL,COPYLINK,SYSUT2,"NEW,PASS",IEBGENER,,,,,Yes,Dataset
IMSMQCMP.jcl-&&COPYMQ,IMSMQCMP.jcl,aws-mainframe-modernization-carddemo-main/samples/jcl/IMSMQCMP.jcl,JCL,LKED,SYSLIN,"OLD,DELETE",IEWL,,,,,Yes,Dataset
IMSMQCMP.jcl-&&COPYMQ,IMSMQCMP.jcl,aws-mainframe-modernization-carddemo-main/samples/jcl/IMSMQCMP.jcl,JCL,COPYMQ,SYSUT2,"NEW,PASS",IEBGENER,,,,,Yes,Dataset
IMSMQCMP.jcl-&&LOADSET,IMSMQCMP.jcl,aws-mainframe-modernization-carddemo-main/samples/jcl/IMSMQCMP.jcl,JCL,COBOL,SYSLIN,"MOD,PASS",IGYCRCTL,,,,,Yes,Dataset
IMSMQCMP.jcl-&&LOADSET,IMSMQCMP.jcl,aws-mainframe-modernization-carddemo-main/samples/jcl/IMSMQCMP.jcl,JCL,LKED,SYSLIN,"OLD,DELETE",IEWL,,,,,Yes,Dataset
IMSMQCMP.jcl-&&SYSCIN,IMSMQCMP.jcl,aws-mainframe-modernization-carddemo-main/samples/jcl/IMSMQCMP.jcl,JCL,COBOL,,"OLD,DELETE",IGYCRCTL,,,,,Yes,Dataset
IMSMQCMP.jcl-&&SYSCIN,IMSMQCMP.jcl,aws-mainframe-modernization-carddemo-main/samples/jcl/IMSMQCMP.jcl,JCL,TRN,SYSPUNCH,",PASS",DFHECP1$,,,,,Yes,Dataset
INPFILE,MNTTRDB2.jcl,aws-mainframe-modernization-carddemo-main/app/app-transaction-type-db2/jcl/MNTTRDB2.jcl,JCL,STEP1,INPFILE,SHR,IKJEFT01,,,,,Yes,Dataset
MQ.SCSQCOBC,IMSMQCMP.jcl,aws-mainframe-modernization-carddemo-main/samples/jcl/IMSMQCMP.jcl,JCL,COBOL,SYSLIB,SHR,IGYCRCTL,,,,,Yes,Dataset
MQ.SCSQLOAD,IMSMQCMP.jcl,aws-mainframe-modernization-carddemo-main/samples/jcl/IMSMQCMP.jcl,JCL,LKED,SYSLIB,SHR,IEWL,,,,,Yes,Dataset
MQ.SCSQLOAD,IMSMQCMP.jcl,aws-mainframe-modernization-carddemo-main/samples/jcl/IMSMQCMP.jcl,JCL,LKED,CSQSTUB,SHR,IEWL,,,,,Yes,Dataset
OEM.CICSTS.DFHCSD,CBADMCDJ.jcl,aws-mainframe-modernization-carddemo-main/app/jcl/CBADMCDJ.jcl,JCL,STEP1,DFHCSD,SHR,DFHCSDUP,,,,,Yes,Dataset
OEM.CICSTS.V05R06M0.CICS.SDFHCOB(DFHEILIC),CICDBCMP.jcl,aws-mainframe-modernization-carddemo-main/samples/jcl/CICDBCMP.jcl,JCL,CICSCMP.LKED,SYSLIN,SHR,HEWL,,,,,Yes,Dataset
OEM.CICSTS.V05R06M0.CICS.SDFHLOAD,CICCMP.jcl,aws-mainframe-modernization-carddemo-main/samples/jcl/CICCMP.jcl,JCL,CICSCMP.LKED,SYSLIB,SHR,HEWL,,,,,Yes,Dataset
OEM.CICSTS.V05R06M0.CICS.SDFHLOAD,CICDBCMP.jcl,aws-mainframe-modernization-carddemo-main/samples/jcl/CICDBCMP.jcl,JCL,CICSCMP.TRN,STEPLIB,SHR,DFHECP1,,,,,No,Dataset
OEM.CICSTS.V05R06M0.CICS.SDFHMAC,BMSCMP.jcl,aws-mainframe-modernization-carddemo-main/samples/jcl/BMSCMP.jcl,JCL,STEP1.MAP,SYSLIB,SHR,ASMA90,,,,,No,Dataset
OEM.CICSTS.V05R06M0.CICS.SDFHMAC,BMSCMP.jcl,aws-mainframe-modernization-carddemo-main/samples/jcl/BMSCMP.jcl,JCL,STEP1.DSECT,SYSLIB,SHR,ASMA90,,,,,No,Dataset
OEM.CICSTS.V05R06M0.CICS.SDFHSAMP(DFHEILID),CICCMP.jcl,aws-mainframe-modernization-carddemo-main/samples/jcl/CICCMP.jcl,JCL,CICSCMP.COPYLINK,SYSUT1,SHR,IEBGENER,,,,,Yes,Dataset
OEM.DB2.DAZ1.SDSNEXIT,CICDBCMP.jcl,aws-mainframe-modernization-carddemo-main/samples/jcl/CICDBCMP.jcl,JCL,CICSCMP.PRECMP,STEPLIB,SHR,DSNHPC,,,,,No,Dataset
OEM.DB2.DAZ1.SDSNEXIT,CICDBCMP.jcl,aws-mainframe-modernization-carddemo-main/samples/jcl/CICDBCMP.jcl,JCL,CICSCMP.BINDPK,STEPLIB,SHR,IKJEFT01,,,,,Yes,Dataset
OEM.DB2.DAZ1.SDSNEXIT,CICDBCMP.jcl,aws-mainframe-modernization-carddemo-main/samples/jcl/CICDBCMP.jcl,JCL,CICSCMP.BINDPL,STEPLIB,SHR,IKJEFT01,,,,,Yes,Dataset
OEM.IMS.IMSP.DBDLIB,DBPAUTP0.jcl,aws-mainframe-modernization-carddemo-main/app/app-authorization-ims-db2-mq/jcl/DBPAUTP0.jcl,JCL,UNLOAD,IMS,SHR,DFSRRC00,,,,,Yes,Dataset
OEM.IMS.IMSP.DBDLIB,LOADPADB.JCL,aws-mainframe-modernization-carddemo-main/app/app-authorization-ims-db2-mq/jcl/LOADPADB.JCL,JCL,STEP01,IMS,SHR,DFSRRC00,,,,,Yes,Dataset
OEM.IMS.IMSP.DBDLIB,UNLDGSAM.JCL,aws-mainframe-modernization-carddemo-main/app/app-authorization-ims-db2-mq/jcl/UNLDGSAM.JCL,JCL,STEP01,IMS,SHR,DFSRRC00,,,,,Yes,Dataset
OEM.IMS.IMSP.DBDLIB,UNLDPADB.JCL,aws-mainframe-modernization-carddemo-main/app/app-authorization-ims-db2-mq/jcl/UNLDPADB.JCL,JCL,STEP01,IMS,SHR,DFSRRC00,,,,,Yes,Dataset
OEM.IMS.IMSP.PAUTHDB,DBPAUTP0.jcl,aws-mainframe-modernization-carddemo-main/app/app-authorization-ims-db2-mq/jcl/DBPAUTP0.jcl,JCL,UNLOAD,DDPAUTP0,SHR,DFSRRC00,,,,,Yes,Dataset
OEM.IMS.IMSP.PAUTHDB,UNLDGSAM.JCL,aws-mainframe-modernization-carddemo-main/app/app-authorization-ims-db2-mq/jcl/UNLDGSAM.JCL,JCL,STEP01,DDPAUTP0,SHR,DFSRRC00,,,,,Yes,Dataset
OEM.IMS.IMSP.PAUTHDB,UNLDPADB.JCL,aws-mainframe-modernization-carddemo-main/app/app-authorization-ims-db2-mq/jcl/UNLDPADB.JCL,JCL,STEP01,DDPAUTP0,SHR,DFSRRC00,,,,,Yes,Dataset
OEM.IMS.IMSP.PAUTHDBX,DBPAUTP0.jcl,aws-mainframe-modernization-carddemo-main/app/app-authorization-ims-db2-mq/jcl/DBPAUTP0.jcl,JCL,UNLOAD,DDPAUTX0,SHR,DFSRRC00,,,,,Yes,Dataset
OEM.IMS.IMSP.PAUTHDBX,UNLDGSAM.JCL,aws-mainframe-modernization-carddemo-main/app/app-authorization-ims-db2-mq/jcl/UNLDGSAM.JCL,JCL,STEP01,DDPAUTX0,SHR,DFSRRC00,,,,,Yes,Dataset
OEM.IMS.IMSP.PAUTHDBX,UNLDPADB.JCL,aws-mainframe-modernization-carddemo-main/app/app-authorization-ims-db2-mq/jcl/UNLDPADB.JCL,JCL,STEP01,DDPAUTX0,SHR,DFSRRC00,,,,,Yes,Dataset
OEM.IMS.IMSP.PSBLIB,DBPAUTP0.jcl,aws-mainframe-modernization-carddemo-main/app/app-authorization-ims-db2-mq/jcl/DBPAUTP0.jcl,JCL,UNLOAD,IMS,SHR,DFSRRC00,,,,,Yes,Dataset
OEM.IMS.IMSP.PSBLIB,LOADPADB.JCL,aws-mainframe-modernization-carddemo-main/app/app-authorization-ims-db2-mq/jcl/LOADPADB.JCL,JCL,STEP01,IMS,SHR,DFSRRC00,,,,,Yes,Dataset
OEM.IMS.IMSP.PSBLIB,UNLDGSAM.JCL,aws-mainframe-modernization-carddemo-main/app/app-authorization-ims-db2-mq/jcl/UNLDGSAM.JCL,JCL,STEP01,IMS,SHR,DFSRRC00,,,,,Yes,Dataset
OEM.IMS.IMSP.PSBLIB,UNLDPADB.JCL,aws-mainframe-modernization-carddemo-main/app/app-authorization-ims-db2-mq/jcl/UNLDPADB.JCL,JCL,STEP01,IMS,SHR,DFSRRC00,,,,,Yes,Dataset
OEM.IMS.IMSP.RECON1,DBPAUTP0.jcl,aws-mainframe-modernization-carddemo-main/app/app-authorization-ims-db2-mq/jcl/DBPAUTP0.jcl,JCL,UNLOAD,RECON1,SHR,DFSRRC00,,,,,Yes,Dataset
OEM.IMS.IMSP.RECON2,DBPAUTP0.jcl,aws-mainframe-modernization-carddemo-main/app/app-authorization-ims-db2-mq/jcl/DBPAUTP0.jcl,JCL,UNLOAD,RECON2,SHR,DFSRRC00,,,,,Yes,Dataset
OEM.IMS.IMSP.RECON3,DBPAUTP0.jcl,aws-mainframe-modernization-carddemo-main/app/app-authorization-ims-db2-mq/jcl/DBPAUTP0.jcl,JCL,UNLOAD,RECON3,SHR,DFSRRC00,,,,,Yes,Dataset
OEMA.IMS.IMSP.SDFSRESL,DBPAUTP0.jcl,aws-mainframe-modernization-carddemo-main/app/app-authorization-ims-db2-mq/jcl/DBPAUTP0.jcl,JCL,UNLOAD,DFSRESLB,SHR,DFSRRC00,,,,,Yes,Dataset
OEMA.IMS.IMSP.SDFSRESL,LOADPADB.JCL,aws-mainframe-modernization-carddemo-main/app/app-authorization-ims-db2-mq/jcl/LOADPADB.JCL,JCL,STEP01,DFSRESLB,SHR,DFSRRC00,,,,,Yes,Dataset
OEMA.IMS.IMSP.SDFSRESL,UNLDGSAM.JCL,aws-mainframe-modernization-carddemo-main/app/app-authorization-ims-db2-mq/jcl/UNLDGSAM.JCL,JCL,STEP01,DFSRESLB,SHR,DFSRRC00,,,,,Yes,Dataset
OEMA.IMS.IMSP.SDFSRESL,UNLDPADB.JCL,aws-mainframe-modernization-carddemo-main/app/app-authorization-ims-db2-mq/jcl/UNLDPADB.JCL,JCL,STEP01,DFSRESLB,SHR,DFSRRC00,,,,,Yes,Dataset
OEMPP.IMS.V15R01MB.PROCLIB(DFSVSMDB),DBPAUTP0.jcl,aws-mainframe-modernization-carddemo-main/app/app-authorization-ims-db2-mq/jcl/DBPAUTP0.jcl,JCL,UNLOAD,DFSVSAMP,SHR,DFSRRC00,,,,,Yes,Dataset
OEMPP.IMS.V15R01MB.PROCLIB(DFSVSMDB),LOADPADB.JCL,aws-mainframe-modernization-carddemo-main/app/app-authorization-ims-db2-mq/jcl/LOADPADB.JCL,JCL,STEP01,DFSVSAMP,SHR,DFSRRC00,,,,,Yes,Dataset
OEMPP.IMS.V15R01MB.PROCLIB(DFSVSMDB),UNLDGSAM.JCL,aws-mainframe-modernization-carddemo-main/app/app-authorization-ims-db2-mq/jcl/UNLDGSAM.JCL,JCL,STEP01,DFSVSAMP,SHR,DFSRRC00,,,,,Yes,Dataset
OEMPP.IMS.V15R01MB.PROCLIB(DFSVSMDB),UNLDPADB.JCL,aws-mainframe-modernization-carddemo-main/app/app-authorization-ims-db2-mq/jcl/UNLDPADB.JCL,JCL,STEP01,DFSVSAMP,SHR,DFSRRC00,,,,,Yes,Dataset
SYS1.LINKLIB,BATCMP.jcl,aws-mainframe-modernization-carddemo-main/samples/jcl/BATCMP.jcl,JCL,BATCMP.LKED,SYSLIB,SHR,HEWL,,,,,Yes,Dataset
SYS1.LINKLIB,IMSMQCMP.jcl,aws-mainframe-modernization-carddemo-main/samples/jcl/IMSMQCMP.jcl,JCL,LKED,SYSLIB,SHR,IEWL,,,,,Yes,Dataset
