JCL File,JCL Path,Step Name,Program Name,Data Source Name,DD Name,DISP,System Program,Data Source Type,Data Source Dependency Type
ACCTFILE.jcl,aws-mainframe-modernization-carddemo-main/app/jcl/ACCTFILE.jcl,STEP05,IDCAMS,AWS.M2.CARDDEMO.ACCTDATA.VSAM.KSDS,,,Yes,VSAM-KSDS,Dataset use
ACCTFILE.jcl,aws-mainframe-modernization-carddemo-main/app/jcl/ACCTFILE.jcl,STEP10,IDCAMS,AWS.M2.CARDDEMO.ACCTDATA.VSAM.KSDS,,,Yes,VSAM-KSDS,Dataset use
ACCTFILE.jcl,aws-mainframe-modernization-carddemo-main/app/jcl/ACCTFILE.jcl,STEP15,IDCAMS,AWS.M2.CARDDEMO.ACCTDATA.VSAM.KSDS,ACCTVSAM,SHR,Yes,VSAM-KSDS,Dataset use
ACCTFILE.jcl,aws-mainframe-modernization-carddemo-main/app/jcl/ACCTFILE.jcl,STEP15,IDCAMS,AWS.M2.CARDDEMO.ACCTDATA.PS,ACCTDATA,SHR,Yes,Non-VSAM,Dataset use
BATCMP.jcl,aws-mainframe-modernization-carddemo-main/samples/jcl/BATCMP.jcl,BATCMP.COMPILE,IGYCRCTL,IGY.SIGYCOMP.V63,STEPLIB,SHR,Yes,Dataset,Dataset use
BATCMP.jcl,aws-mainframe-modernization-carddemo-main/samples/jcl/BATCMP.jcl,BATCMP.COMPILE,IGYCRCTL,AWS.M2.CARDDEMO.CBL(&MEM),,SHR,Yes,Dataset,
BATCMP.jcl,aws-mainframe-modernization-carddemo-main/samples/jcl/BATCMP.jcl,BATCMP.COMPILE,IGYCRCTL,AWS.M2.CARDDEMO.CPY,SYSLIB,SHR,Yes,Non-VSAM,Dataset use
BATCMP.jcl,aws-mainframe-modernization-carddemo-main/samples/jcl/BATCMP.jcl,BATCMP.COMPILE,IGYCRCTL,AWS.M2.CARDDEMO.LST(&MEM),SYSPRINT,SHR,Yes,Dataset,
BATCMP.jcl,aws-mainframe-modernization-carddemo-main/samples/jcl/BATCMP.jcl,BATCMP.CBLPRINT,IEBGENER,AWS.M2.CARDDEMO.LST(&MEM),SYSUT1,SHR,Yes,Dataset,
BATCMP.jcl,aws-mainframe-modernization-carddemo-main/samples/jcl/BATCMP.jcl,BATCMP.COMPILE,IGYCRCTL,BATCMP.jcl-&&LOADSET,SYSLIN,"MOD,PASS",Yes,Dataset,
BATCMP.jcl,aws-mainframe-modernization-carddemo-main/samples/jcl/BATCMP.jcl,BATCMP.LKED,HEWL,BATCMP.jcl-&&LOADSET,SYSLIN,"OLD,DELETE",Yes,Dataset,
BATCMP.jcl,aws-mainframe-modernization-carddemo-main/samples/jcl/BATCMP.jcl,BATCMP.LKED,HEWL,SYS1.LINKLIB,SYSLIB,SHR,Yes,Dataset,
BATCMP.jcl,aws-mainframe-modernization-carddemo-main/samples/jcl/BATCMP.jcl,BATCMP.LKED,HEWL,AWS.M2.CARDDEMO.LOADLIB(&MEM),SYSLMOD,SHR,Yes,Dataset,
BMSCMP.jcl,aws-mainframe-modernization-carddemo-main/samples/jcl/BMSCMP.jcl,STEP1.PRINT,IEBGENER,BMSCMP.jcl-&&TEMPM,SYSUT2,",PASS",Yes,Dataset,
BMSCMP.jcl,aws-mainframe-modernization-carddemo-main/samples/jcl/BMSCMP.jcl,STEP1.MAP,ASMA90,BMSCMP.jcl-&&TEMPM,,"OLD,PASS",No,Dataset,
BMSCMP.jcl,aws-mainframe-modernization-carddemo-main/samples/jcl/BMSCMP.jcl,STEP1.DSECT,ASMA90,BMSCMP.jcl-&&TEMPM,,"OLD,PASS",No,Dataset,
BMSCMP.jcl,aws-mainframe-modernization-carddemo-main/samples/jcl/BMSCMP.jcl,STEP1.DELTEMP,IEFBR14,BMSCMP.jcl-&&TEMPM,TEMPM,"OLD,DELETE",Yes,Dataset,
BMSCMP.jcl,aws-mainframe-modernization-carddemo-main/samples/jcl/BMSCMP.jcl,STEP1.PRINT,IEBGENER,AWS.M2.CARDDEMO.BMS(&MAPNAME),SYSUT1,SHR,Yes,Dataset,
BMSCMP.jcl,aws-mainframe-modernization-carddemo-main/samples/jcl/BMSCMP.jcl,STEP1.MAP,ASMA90,OEM.CICSTS.V05R06M0.CICS.SDFHMAC,SYSLIB,SHR,No,Dataset,Dataset use
BMSCMP.jcl,aws-mainframe-modernization-carddemo-main/samples/jcl/BMSCMP.jcl,STEP1.DSECT,ASMA90,OEM.CICSTS.V05R06M0.CICS.SDFHMAC,SYSLIB,SHR,No,Dataset,Dataset use
BMSCMP.jcl,aws-mainframe-modernization-carddemo-main/samples/jcl/BMSCMP.jcl,STEP1.MAP,ASMA90,BMSCMP.jcl-&&MAP,SYSPUNCH,",PASS",No,Dataset,
BMSCMP.jcl,aws-mainframe-modernization-carddemo-main/samples/jcl/BMSCMP.jcl,STEP1.LKED,HEWL,BMSCMP.jcl-&&MAP,SYSLIN,"OLD,DELETE",Yes,Dataset,
BMSCMP.jcl,aws-mainframe-modernization-carddemo-main/samples/jcl/BMSCMP.jcl,STEP1.LKED,HEWL,AWS.M2.CARDDEMO.LOADLIB(&MAPNAME),SYSLMOD,SHR,Yes,Dataset,
BMSCMP.jcl,aws-mainframe-modernization-carddemo-main/samples/jcl/BMSCMP.jcl,STEP1.DSECT,ASMA90,AWS.M2.CARDDEMO.LST(&MAPNAME),SYSPRINT,SHR,No,Dataset,
BMSCMP.jcl,aws-mainframe-modernization-carddemo-main/samples/jcl/BMSCMP.jcl,STEP1.DISPLIST,IEBGENER,AWS.M2.CARDDEMO.LST(&MAPNAME),SYSUT1,SHR,Yes,Dataset,
BMSCMP.jcl,aws-mainframe-modernization-carddemo-main/samples/jcl/BMSCMP.jcl,STEP1.DSECT,ASMA90,AWS.M2.CARDDEMO.CPY(&MAPNAME),SYSPUNCH,OLD,No,Dataset,
CARDFILE.jcl,aws-mainframe-modernization-carddemo-main/app/jcl/CARDFILE.jcl,STEP05,IDCAMS,AWS.M2.CARDDEMO.CARDDATA.VSAM.KSDS,,,Yes,VSAM-KSDS,Dataset use
CARDFILE.jcl,aws-mainframe-modernization-carddemo-main/app/jcl/CARDFILE.jcl,STEP10,IDCAMS,AWS.M2.CARDDEMO.CARDDATA.VSAM.KSDS,,,Yes,VSAM-KSDS,Dataset use
CARDFILE.jcl,aws-mainframe-modernization-carddemo-main/app/jcl/CARDFILE.jcl,STEP15,IDCAMS,AWS.M2.CARDDEMO.CARDDATA.VSAM.KSDS,CARDVSAM,SHR,Yes,VSAM-KSDS,Dataset use
CARDFILE.jcl,aws-mainframe-modernization-carddemo-main/app/jcl/CARDFILE.jcl,STEP05,IDCAMS,AWS.M2.CARDDEMO.CARDDATA.VSAM.AIX,,,Yes,VSAM-AIX,
CARDFILE.jcl,aws-mainframe-modernization-carddemo-main/app/jcl/CARDFILE.jcl,STEP40,IDCAMS,AWS.M2.CARDDEMO.CARDDATA.VSAM.AIX,,,Yes,VSAM-AIX,
CARDFILE.jcl,aws-mainframe-modernization-carddemo-main/app/jcl/CARDFILE.jcl,STEP50,IDCAMS,AWS.M2.CARDDEMO.CARDDATA.VSAM.AIX.PATH,,,Yes,VSAM-PATH,
CARDFILE.jcl,aws-mainframe-modernization-carddemo-main/app/jcl/CARDFILE.jcl,STEP15,IDCAMS,AWS.M2.CARDDEMO.CARDDATA.PS,CARDDATA,SHR,Yes,Non-VSAM,Dataset use
CBADMCDJ.jcl,aws-mainframe-modernization-carddemo-main/app/jcl/CBADMCDJ.jcl,STEP1,DFHCSDUP,OEM.CICSTS.DFHCSD,DFHCSD,SHR,Yes,Dataset,Dataset use
CBEXPORT.jcl,aws-mainframe-modernization-carddemo-main/app/jcl/CBEXPORT.jcl,STEP01,IDCAMS,AWS.M2.CARDDEMO.EXPORT.DATA,,,Yes,VSAM KSDS,Dataset use
CBEXPORT.jcl,aws-mainframe-modernization-carddemo-main/app/jcl/CBEXPORT.jcl,STEP02,CBEXPORT,AWS.M2.CARDDEMO.EXPORT.DATA,EXPFILE,SHR,No,VSAM KSDS,Dataset use
CBEXPORT.jcl,aws-mainframe-modernization-carddemo-main/app/jcl/CBEXPORT.jcl,STEP02,CBEXPORT,AWS.M2.CARDDEMO.CUSTDATA.VSAM.KSDS,CUSTFILE,SHR,No,VSAM-KSDS,Dataset use
CBEXPORT.jcl,aws-mainframe-modernization-carddemo-main/app/jcl/CBEXPORT.jcl,STEP02,CBEXPORT,AWS.M2.CARDDEMO.ACCTDATA.VSAM.KSDS,ACCTFILE,SHR,No,VSAM-KSDS,Dataset use
CBEXPORT.jcl,aws-mainframe-modernization-carddemo-main/app/jcl/CBEXPORT.jcl,STEP02,CBEXPORT,AWS.M2.CARDDEMO.CARDXREF.VSAM.KSDS,XREFFILE,SHR,No,VSAM-KSDS,Dataset use
CBEXPORT.jcl,aws-mainframe-modernization-carddemo-main/app/jcl/CBEXPORT.jcl,STEP02,CBEXPORT,AWS.M2.CARDDEMO.TRANSACT.VSAM.KSDS,TRANSACT,SHR,No,VSAM-KSDS,Dataset use
CBEXPORT.jcl,aws-mainframe-modernization-carddemo-main/app/jcl/CBEXPORT.jcl,STEP02,CBEXPORT,AWS.M2.CARDDEMO.CARDDATA.VSAM.KSDS,CARDFILE,SHR,No,VSAM-KSDS,Dataset use
CBIMPORT.jcl,aws-mainframe-modernization-carddemo-main/app/jcl/CBIMPORT.jcl,STEP01,CBIMPORT,AWS.M2.CARDDEMO.EXPORT.DATA,EXPFILE,SHR,No,VSAM KSDS,Dataset use
CBIMPORT.jcl,aws-mainframe-modernization-carddemo-main/app/jcl/CBIMPORT.jcl,STEP01,CBIMPORT,AWS.M2.CARDDEMO.CUSTDATA.IMPORT,CUSTOUT,"NEW,CATLG,DELETE",No,Dataset,
CBIMPORT.jcl,aws-mainframe-modernization-carddemo-main/app/jcl/CBIMPORT.jcl,STEP01,CBIMPORT,AWS.M2.CARDDEMO.ACCTDATA.IMPORT,ACCTOUT,"NEW,CATLG,DELETE",No,Dataset,
CBIMPORT.jcl,aws-mainframe-modernization-carddemo-main/app/jcl/CBIMPORT.jcl,STEP01,CBIMPORT,AWS.M2.CARDDEMO.CARDXREF.IMPORT,XREFOUT,"NEW,CATLG,DELETE",No,Dataset,
CBIMPORT.jcl,aws-mainframe-modernization-carddemo-main/app/jcl/CBIMPORT.jcl,STEP01,CBIMPORT,AWS.M2.CARDDEMO.TRANSACT.IMPORT,TRNXOUT,"NEW,CATLG,DELETE",No,Dataset,Dataset use
CBIMPORT.jcl,aws-mainframe-modernization-carddemo-main/app/jcl/CBIMPORT.jcl,STEP01,CBIMPORT,AWS.M2.CARDDEMO.IMPORT.ERRORS,ERROUT,"NEW,CATLG,DELETE",No,Dataset,Dataset use
CBPAUP0J.jcl,aws-mainframe-modernization-carddemo-main/app/app-authorization-ims-db2-mq/jcl/CBPAUP0J.jcl,STEP01,DFSRRC00,IMS.SDFSRESL,DFSRESLB,SHR,Yes,Dataset,Dataset use
CBPAUP0J.jcl,aws-mainframe-modernization-carddemo-main/app/app-authorization-ims-db2-mq/jcl/CBPAUP0J.jcl,STEP01,DFSRRC00,IMS.SDFSRESL,DFSSEL,SHR,Yes,Dataset,Dataset use
CBPAUP0J.jcl,aws-mainframe-modernization-carddemo-main/app/app-authorization-ims-db2-mq/jcl/CBPAUP0J.jcl,STEP01,DFSRRC00,IMS.PROCLIB,PROCLIB,SHR,Yes,Dataset,Dataset use
CBPAUP0J.jcl,aws-mainframe-modernization-carddemo-main/app/app-authorization-ims-db2-mq/jcl/CBPAUP0J.jcl,STEP01,DFSRRC00,IMS.PSBLIB,IMS,SHR,Yes,Dataset,Dataset use
CBPAUP0J.jcl,aws-mainframe-modernization-carddemo-main/app/app-authorization-ims-db2-mq/jcl/CBPAUP0J.jcl,STEP01,DFSRRC00,IMS.DBDLIB,IMS,SHR,Yes,Dataset,Dataset use
CICCMP.jcl,aws-mainframe-modernization-carddemo-main/samples/jcl/CICCMP.jcl,CICSCMP.COB,IGYCRCTL,IGY.SIGYCOMP.V63,STEPLIB,SHR,Yes,Dataset,Dataset use
CICCMP.jcl,aws-mainframe-modernization-carddemo-main/samples/jcl/CICCMP.jcl,CICSCMP.COB,IGYCRCTL,AWS.M2.CARDDEMO.CPY,SYSLIB,SHR,Yes,Non-VSAM,Dataset use
CICCMP.jcl,aws-mainframe-modernization-carddemo-main/samples/jcl/CICCMP.jcl,CICSCMP.COB,IGYCRCTL,AWS.M2.CARDDEMO.LST(&MEM),SYSPRINT,SHR,Yes,Dataset,
CICCMP.jcl,aws-mainframe-modernization-carddemo-main/samples/jcl/CICCMP.jcl,CICSCMP.DISPLIST,IEBGENER,AWS.M2.CARDDEMO.LST(&MEM),SYSUT1,SHR,Yes,Dataset,
CICCMP.jcl,aws-mainframe-modernization-carddemo-main/samples/jcl/CICCMP.jcl,CICSCMP.COB,IGYCRCTL,AWS.M2.CARDDEMO.CBL(&MEM),,SHR,Yes,Dataset,
CICCMP.jcl,aws-mainframe-modernization-carddemo-main/samples/jcl/CICCMP.jcl,CICSCMP.COB,IGYCRCTL,CICCMP.jcl-&&LOADSET,SYSLIN,"MOD,PASS",Yes,Dataset,
CICCMP.jcl,aws-mainframe-modernization-carddemo-main/samples/jcl/CICCMP.jcl,CICSCMP.LKED,HEWL,CICCMP.jcl-&&LOADSET,SYSLIN,"OLD,DELETE",Yes,Dataset,
CICCMP.jcl,aws-mainframe-modernization-carddemo-main/samples/jcl/CICCMP.jcl,CICSCMP.COPYLINK,IEBGENER,OEM.CICSTS.V05R06M0.CICS.SDFHSAMP(DFHEILID),SYSUT1,SHR,Yes,Dataset,
CICCMP.jcl,aws-mainframe-modernization-carddemo-main/samples/jcl/CICCMP.jcl,CICSCMP.COPYLINK,IEBGENER,CICCMP.jcl-&&COPYLINK,SYSUT2,"NEW,PASS",Yes,Dataset,
CICCMP.jcl,aws-mainframe-modernization-carddemo-main/samples/jcl/CICCMP.jcl,CICSCMP.LKED,HEWL,OEM.CICSTS.V05R06M0.CICS.SDFHLOAD,SYSLIB,SHR,Yes,Dataset,Dataset use
CICCMP.jcl,aws-mainframe-modernization-carddemo-main/samples/jcl/CICCMP.jcl,CICSCMP.LKED,HEWL,AWS.M2.CARDDEMO.LOADLIB(&MEM),SYSLMOD,SHR,Yes,Dataset,
CICDBCMP.jcl,aws-mainframe-modernization-carddemo-main/samples/jcl/CICDBCMP.jcl,CICSCMP.PRECMP,DSNHPC,OEM.DB2.DAZ1.SDSNEXIT,STEPLIB,SHR,No,Dataset,Dataset use
CICDBCMP.jcl,aws-mainframe-modernization-carddemo-main/samples/jcl/CICDBCMP.jcl,CICSCMP.PRECMP,DSNHPC,AWS.M2.CARDDEMO.CBL(&MEMNAME),,SHR,No,Dataset,
CICDBCMP.jcl,aws-mainframe-modernization-carddemo-main/samples/jcl/CICDBCMP.jcl,CICSCMP.PRECMP,DSNHPC,CICDBCMP.jcl-&&DSNHOUT,SYSCIN,"NEW,PASS",No,Dataset,
CICDBCMP.jcl,aws-mainframe-modernization-carddemo-main/samples/jcl/CICDBCMP.jcl,CICSCMP.TRN,DFHECP1,CICDBCMP.jcl-&&DSNHOUT,,"OLD,DELETE",No,Dataset,
CICDBCMP.jcl,aws-mainframe-modernization-carddemo-main/samples/jcl/CICDBCMP.jcl,CICSCMP.PRECMP,DSNHPC,AWS.M2.CARDDEMO.DBRMLIB(&MEMNAME),DBRMLIB,OLD,No,Dataset,
CICDBCMP.jcl,aws-mainframe-modernization-carddemo-main/samples/jcl/CICDBCMP.jcl,CICSCMP.BINDPK,IKJEFT01,AWS.M2.CARDDEMO.DBRMLIB(&MEMNAME),DBRMLIB,SHR,Yes,Dataset,
CICDBCMP.jcl,aws-mainframe-modernization-carddemo-main/samples/jcl/CICDBCMP.jcl,CICSCMP.BINDPL,IKJEFT01,AWS.M2.CARDDEMO.DBRMLIB(&MEMNAME),DBRMLIB,SHR,Yes,Dataset,
CICDBCMP.jcl,aws-mainframe-modernization-carddemo-main/samples/jcl/CICDBCMP.jcl,CICSCMP.PRECMP,DSNHPC,AWS.M2.CARDDEMO.DCL,SYSLIB,SHR,No,Non-VSAM,Dataset use
CICDBCMP.jcl,aws-mainframe-modernization-carddemo-main/samples/jcl/CICDBCMP.jcl,CICSCMP.COBOL,IGYCRCTL,AWS.M2.CARDDEMO.DCL,SYSLIB,SHR,Yes,Non-VSAM,Dataset use
CICDBCMP.jcl,aws-mainframe-modernization-carddemo-main/samples/jcl/CICDBCMP.jcl,CICSCMP.TRN,DFHECP1,OEM.CICSTS.V05R06M0.CICS.SDFHLOAD,STEPLIB,SHR,No,Dataset,Dataset use
CICDBCMP.jcl,aws-mainframe-modernization-carddemo-main/samples/jcl/CICDBCMP.jcl,CICSCMP.TRN,DFHECP1,CICDBCMP.jcl-&&SYSCIN,SYSPUNCH,",PASS",No,Dataset,
CICDBCMP.jcl,aws-mainframe-modernization-carddemo-main/samples/jcl/CICDBCMP.jcl,CICSCMP.COBOL,IGYCRCTL,CICDBCMP.jcl-&&SYSCIN,,"OLD,DELETE",Yes,Dataset,
CICDBCMP.jcl,aws-mainframe-modernization-carddemo-main/samples/jcl/CICDBCMP.jcl,CICSCMP.COBOL,IGYCRCTL,IGY.SIGYCOMP.V63,STEPLIB,SHR,Yes,Dataset,Dataset use
CICDBCMP.jcl,aws-mainframe-modernization-carddemo-main/samples/jcl/CICDBCMP.jcl,CICSCMP.COBOL,IGYCRCTL,CICDBCMP.jcl-&&LOADSET,SYSLIN,"MOD,PASS",Yes,Dataset,
CICDBCMP.jcl,aws-mainframe-modernization-carddemo-main/samples/jcl/CICDBCMP.jcl,CICSCMP.LKED,HEWL,CEE.SCEELKEX,SYSLIB,SHR,Yes,Dataset,Dataset use
CICDBCMP.jcl,aws-mainframe-modernization-carddemo-main/samples/jcl/CICDBCMP.jcl,CICSCMP.LKED,HEWL,OEM.CICSTS.V05R06M0.CICS.SDFHCOB(DFHEILIC),SYSLIN,SHR,Yes,Dataset,
CICDBCMP.jcl,aws-mainframe-modernization-carddemo-main/samples/jcl/CICDBCMP.jcl,CICSCMP.BINDPK,IKJEFT01,OEM.DB2.DAZ1.SDSNEXIT,STEPLIB,SHR,Yes,Dataset,Dataset use
CICDBCMP.jcl,aws-mainframe-modernization-carddemo-main/samples/jcl/CICDBCMP.jcl,CICSCMP.BINDPL,IKJEFT01,OEM.DB2.DAZ1.SDSNEXIT,STEPLIB,SHR,Yes,Dataset,Dataset use
COMBTRAN.jcl,aws-mainframe-modernization-carddemo-main/app/jcl/COMBTRAN.jcl,STEP05R,SORT,AWS.M2.CARDDEMO.TRANSACT.BKUP,SORTIN,SHR,Yes,GDG Base,Dataset use
COMBTRAN.jcl,aws-mainframe-modernization-carddemo-main/app/jcl/COMBTRAN.jcl,STEP05R,SORT,AWS.M2.CARDDEMO.SYSTRAN,SORTIN,SHR,Yes,GDG Base,Dataset use
COMBTRAN.jcl,aws-mainframe-modernization-carddemo-main/app/jcl/COMBTRAN.jcl,STEP05R,SORT,AWS.M2.CARDDEMO.TRANSACT.COMBINED,SORTOUT,"NEW,CATLG,DELETE",Yes,GDG Base,Dataset use
COMBTRAN.jcl,aws-mainframe-modernization-carddemo-main/app/jcl/COMBTRAN.jcl,STEP10,IDCAMS,AWS.M2.CARDDEMO.TRANSACT.COMBINED,TRANSACT,SHR,Yes,GDG Base,Dataset use
COMBTRAN.jcl,aws-mainframe-modernization-carddemo-main/app/jcl/COMBTRAN.jcl,STEP10,IDCAMS,AWS.M2.CARDDEMO.TRANSACT.VSAM.KSDS,TRANVSAM,SHR,Yes,VSAM-KSDS,Dataset use
CREADB21.jcl,aws-mainframe-modernization-carddemo-main/app/app-transaction-type-db2/jcl/CREADB21.jcl,FREEPLN,IKJEFT01,AWS.M2.CARDDEMO.CNTL(DB2FREE),SYSTSIN,SHR,Yes,Non-VSAM,
CREADB21.jcl,aws-mainframe-modernization-carddemo-main/app/app-transaction-type-db2/jcl/CREADB21.jcl,CRCRDDB,IKJEFT01,AWS.M2.CARDDEMO.CNTL(DB2TIAD1),SYSTSIN,SHR,Yes,Non-VSAM,
CREADB21.jcl,aws-mainframe-modernization-carddemo-main/app/app-transaction-type-db2/jcl/CREADB21.jcl,RUNTEP2,IKJEFT01,AWS.M2.CARDDEMO.CNTL(DB2TEP41),SYSTSIN,SHR,Yes,Non-VSAM,
CREADB21.jcl,aws-mainframe-modernization-carddemo-main/app/app-transaction-type-db2/jcl/CREADB21.jcl,LDTCCAT,IKJEFT01,AWS.M2.CARDDEMO.CNTL(DB2TEP41),SYSTSIN,SHR,Yes,Non-VSAM,
CREADB21.jcl,aws-mainframe-modernization-carddemo-main/app/app-transaction-type-db2/jcl/CREADB21.jcl,CRCRDDB,IKJEFT01,AWS.M2.CARDDEMO.CNTL(DB2CREAT),,SHR,Yes,Non-VSAM,
CREADB21.jcl,aws-mainframe-modernization-carddemo-main/app/app-transaction-type-db2/jcl/CREADB21.jcl,RUNTEP2,IKJEFT01,AWS.M2.CARDDEMO.CNTL(DB2LTTYP),,SHR,Yes,Non-VSAM,
CREADB21.jcl,aws-mainframe-modernization-carddemo-main/app/app-transaction-type-db2/jcl/CREADB21.jcl,LDTCCAT,IKJEFT01,AWS.M2.CARDDEMO.CNTL(DB2LTCAT),,SHR,Yes,Non-VSAM,
CREASTMT.JCL,aws-mainframe-modernization-carddemo-main/app/jcl/CREASTMT.JCL,DELDEF01,IDCAMS,AWS.M2.CARDDEMO.TRXFL.SEQ,,,Yes,Dataset,Dataset use
CREASTMT.JCL,aws-mainframe-modernization-carddemo-main/app/jcl/CREASTMT.JCL,STEP010,SORT,AWS.M2.CARDDEMO.TRXFL.SEQ,SORTOUT,"NEW,CATLG,DELETE",Yes,Dataset,Dataset use
CREASTMT.JCL,aws-mainframe-modernization-carddemo-main/app/jcl/CREASTMT.JCL,STEP020,IDCAMS,AWS.M2.CARDDEMO.TRXFL.SEQ,INFILE,SHR,Yes,Dataset,Dataset use
CREASTMT.JCL,aws-mainframe-modernization-carddemo-main/app/jcl/CREASTMT.JCL,DELDEF01,IDCAMS,AWS.M2.CARDDEMO.TRXFL.VSAM.KSDS,,,Yes,VSAM KSDS,Dataset use
CREASTMT.JCL,aws-mainframe-modernization-carddemo-main/app/jcl/CREASTMT.JCL,STEP020,IDCAMS,AWS.M2.CARDDEMO.TRXFL.VSAM.KSDS,OUTFILE,SHR,Yes,VSAM KSDS,Dataset use
CREASTMT.JCL,aws-mainframe-modernization-carddemo-main/app/jcl/CREASTMT.JCL,STEP040,CBSTM03B,AWS.M2.CARDDEMO.TRXFL.VSAM.KSDS,TRNXFILE,SHR,No,VSAM KSDS,Dataset use
CREASTMT.JCL,aws-mainframe-modernization-carddemo-main/app/jcl/CREASTMT.JCL,STEP010,SORT,AWS.M2.CARDDEMO.TRANSACT.VSAM.KSDS,SORTIN,SHR,Yes,VSAM-KSDS,Dataset use
CREASTMT.JCL,aws-mainframe-modernization-carddemo-main/app/jcl/CREASTMT.JCL,STEP030,IEFBR14,AWS.M2.CARDDEMO.STATEMNT.HTML,HTMLFILE,"MOD,DELETE,DELETE",Yes,Dataset,Dataset use
CREASTMT.JCL,aws-mainframe-modernization-carddemo-main/app/jcl/CREASTMT.JCL,STEP040,CBSTM03A,AWS.M2.CARDDEMO.STATEMNT.HTML,HTMLFILE,"NEW,CATLG,DELETE",No,Dataset,Dataset use
CREASTMT.JCL,aws-mainframe-modernization-carddemo-main/app/jcl/CREASTMT.JCL,STEP030,IEFBR14,AWS.M2.CARDDEMO.STATEMNT.PS,STMTFILE,"MOD,DELETE,DELETE",Yes,Dataset,Dataset use
CREASTMT.JCL,aws-mainframe-modernization-carddemo-main/app/jcl/CREASTMT.JCL,STEP040,CBSTM03A,AWS.M2.CARDDEMO.STATEMNT.PS,STMTFILE,"NEW,CATLG,DELETE",No,Dataset,Dataset use
CREASTMT.JCL,aws-mainframe-modernization-carddemo-main/app/jcl/CREASTMT.JCL,STEP040,CBSTM03B,AWS.M2.CARDDEMO.CARDXREF.VSAM.KSDS,XREFFILE,SHR,No,VSAM-KSDS,Dataset use
CREASTMT.JCL,aws-mainframe-modernization-carddemo-main/app/jcl/CREASTMT.JCL,STEP040,CBSTM03B,AWS.M2.CARDDEMO.ACCTDATA.VSAM.KSDS,ACCTFILE,SHR,No,VSAM-KSDS,Dataset use
CREASTMT.JCL,aws-mainframe-modernization-carddemo-main/app/jcl/CREASTMT.JCL,STEP040,CBSTM03B,AWS.M2.CARDDEMO.CUSTDATA.VSAM.KSDS,CUSTFILE,SHR,No,VSAM-KSDS,Dataset use
CUSTFILE.jcl,aws-mainframe-modernization-carddemo-main/app/jcl/CUSTFILE.jcl,STEP05,IDCAMS,AWS.M2.CARDDEMO.CUSTDATA.VSAM.KSDS,,,Yes,VSAM-KSDS,Dataset use
CUSTFILE.jcl,aws-mainframe-modernization-carddemo-main/app/jcl/CUSTFILE.jcl,STEP10,IDCAMS,AWS.M2.CARDDEMO.CUSTDATA.VSAM.KSDS,,,Yes,VSAM-KSDS,Dataset use
CUSTFILE.jcl,aws-mainframe-modernization-carddemo-main/app/jcl/CUSTFILE.jcl,STEP15,IDCAMS,AWS.M2.CARDDEMO.CUSTDATA.VSAM.KSDS,CUSTVSAM,SHR,Yes,VSAM-KSDS,Dataset use
CUSTFILE.jcl,aws-mainframe-modernization-carddemo-main/app/jcl/CUSTFILE.jcl,STEP15,IDCAMS,AWS.M2.CARDDEMO.CUSTDATA.PS,CUSTDATA,SHR,Yes,Non-VSAM,Dataset use
DALYREJS.jcl,aws-mainframe-modernization-carddemo-main/app/jcl/DALYREJS.jcl,STEP05,IDCAMS,AWS.M2.CARDDEMO.DALYREJS,,,Yes,GDG Base,
DBPAUTP0.jcl,aws-mainframe-modernization-carddemo-main/app/app-authorization-ims-db2-mq/jcl/DBPAUTP0.jcl,STEPDEL,IEFBR14,AWS.M2.CARDDEMO.IMSDATA.DBPAUTP0,SYSUT1,"MOD,DELETE",Yes,Dataset,
DBPAUTP0.jcl,aws-mainframe-modernization-carddemo-main/app/app-authorization-ims-db2-mq/jcl/DBPAUTP0.jcl,UNLOAD,DFSRRC00,AWS.M2.CARDDEMO.IMSDATA.DBPAUTP0,DFSURGU1,",CATLG,DELETE",Yes,Dataset,
DBPAUTP0.jcl,aws-mainframe-modernization-carddemo-main/app/app-authorization-ims-db2-mq/jcl/DBPAUTP0.jcl,UNLOAD,DFSRRC00,OEMA.IMS.IMSP.SDFSRESL,DFSRESLB,SHR,Yes,Dataset,Dataset use
DBPAUTP0.jcl,aws-mainframe-modernization-carddemo-main/app/app-authorization-ims-db2-mq/jcl/DBPAUTP0.jcl,UNLOAD,DFSRRC00,OEM.IMS.IMSP.PSBLIB,IMS,SHR,Yes,Dataset,Dataset use
DBPAUTP0.jcl,aws-mainframe-modernization-carddemo-main/app/app-authorization-ims-db2-mq/jcl/DBPAUTP0.jcl,UNLOAD,DFSRRC00,OEM.IMS.IMSP.DBDLIB,IMS,SHR,Yes,Dataset,Dataset use
DBPAUTP0.jcl,aws-mainframe-modernization-carddemo-main/app/app-authorization-ims-db2-mq/jcl/DBPAUTP0.jcl,UNLOAD,DFSRRC00,OEM.IMS.IMSP.PAUTHDB,DDPAUTP0,SHR,Yes,Dataset,Dataset use
DBPAUTP0.jcl,aws-mainframe-modernization-carddemo-main/app/app-authorization-ims-db2-mq/jcl/DBPAUTP0.jcl,UNLOAD,DFSRRC00,OEM.IMS.IMSP.PAUTHDBX,DDPAUTX0,SHR,Yes,Dataset,Dataset use
DBPAUTP0.jcl,aws-mainframe-modernization-carddemo-main/app/app-authorization-ims-db2-mq/jcl/DBPAUTP0.jcl,UNLOAD,DFSRRC00,OEMPP.IMS.V15R01MB.PROCLIB(DFSVSMDB),DFSVSAMP,SHR,Yes,Dataset,
DBPAUTP0.jcl,aws-mainframe-modernization-carddemo-main/app/app-authorization-ims-db2-mq/jcl/DBPAUTP0.jcl,UNLOAD,DFSRRC00,OEM.IMS.IMSP.RECON1,RECON1,SHR,Yes,Dataset,Dataset use
DBPAUTP0.jcl,aws-mainframe-modernization-carddemo-main/app/app-authorization-ims-db2-mq/jcl/DBPAUTP0.jcl,UNLOAD,DFSRRC00,OEM.IMS.IMSP.RECON2,RECON2,SHR,Yes,Dataset,Dataset use
DBPAUTP0.jcl,aws-mainframe-modernization-carddemo-main/app/app-authorization-ims-db2-mq/jcl/DBPAUTP0.jcl,UNLOAD,DFSRRC00,OEM.IMS.IMSP.RECON3,RECON3,SHR,Yes,Dataset,Dataset use
DEFCUST.jcl,aws-mainframe-modernization-carddemo-main/app/jcl/DEFCUST.jcl,STEP05,IDCAMS,AWS.CCDA.CUSTDATA.CLUSTER,,,Yes,Dataset,
DEFCUST.jcl,aws-mainframe-modernization-carddemo-main/app/jcl/DEFCUST.jcl,STEP05,IDCAMS,AWS.CUSTDATA.CLUSTER,,,Yes,Dataset,
DEFGDGB.jcl,aws-mainframe-modernization-carddemo-main/app/jcl/DEFGDGB.jcl,STEP05,IDCAMS,AWS.M2.CARDDEMO.TRANSACT.BKUP,,,Yes,GDG Base,
DEFGDGB.jcl,aws-mainframe-modernization-carddemo-main/app/jcl/DEFGDGB.jcl,STEP05,IDCAMS,AWS.M2.CARDDEMO.TRANSACT.DALY,,,Yes,GDG Base,
DEFGDGB.jcl,aws-mainframe-modernization-carddemo-main/app/jcl/DEFGDGB.jcl,STEP05,IDCAMS,AWS.M2.CARDDEMO.TRANREPT,,,Yes,GDG Base,
DEFGDGB.jcl,aws-mainframe-modernization-carddemo-main/app/jcl/DEFGDGB.jcl,STEP05,IDCAMS,AWS.M2.CARDDEMO.TCATBALF.BKUP,,,Yes,GDG Base,
DEFGDGB.jcl,aws-mainframe-modernization-carddemo-main/app/jcl/DEFGDGB.jcl,STEP05,IDCAMS,AWS.M2.CARDDEMO.SYSTRAN,,,Yes,GDG Base,
DEFGDGB.jcl,aws-mainframe-modernization-carddemo-main/app/jcl/DEFGDGB.jcl,STEP05,IDCAMS,AWS.M2.CARDDEMO.TRANSACT.COMBINED,,,Yes,GDG Base,
DEFGDGD.jcl,aws-mainframe-modernization-carddemo-main/app/jcl/DEFGDGD.jcl,STEP10,IDCAMS,AWS.M2.CARDDEMO.TRANTYPE.BKUP,,,Yes,Dataset,
DEFGDGD.jcl,aws-mainframe-modernization-carddemo-main/app/jcl/DEFGDGD.jcl,STEP30,IDCAMS,AWS.M2.CARDDEMO.TRANCATG.PS.BKUP,,,Yes,Dataset,
DEFGDGD.jcl,aws-mainframe-modernization-carddemo-main/app/jcl/DEFGDGD.jcl,STEP50,IDCAMS,AWS.M2.CARDDEMO.DISCGRP.BKUP,,,Yes,Dataset,
DEFGDGD.jcl,aws-mainframe-modernization-carddemo-main/app/jcl/DEFGDGD.jcl,STEP20,IEBGENER,AWS.M2.CARDDEMO.TRANTYPE.PS,SYSUT1,SHR,Yes,Non-VSAM,Dataset use
DEFGDGD.jcl,aws-mainframe-modernization-carddemo-main/app/jcl/DEFGDGD.jcl,STEP40,IEBGENER,AWS.M2.CARDDEMO.TRANCATG.PS,SYSUT1,SHR,Yes,Non-VSAM,Dataset use
DEFGDGD.jcl,aws-mainframe-modernization-carddemo-main/app/jcl/DEFGDGD.jcl,STEP60,IEBGENER,AWS.M2.CARDDEMO.DISCGRP.PS,SYSUT1,SHR,Yes,Non-VSAM,Dataset use
DEFGDGD.jcl,aws-mainframe-modernization-carddemo-main/app/jcl/DEFGDGD.jcl,STEP20,IEBGENER,AWS.M2.CARDDEMO.TRANTYPE.BKUP,SYSUT2,"NEW,CATLG",Yes,Dataset,Dataset use
DEFGDGD.jcl,aws-mainframe-modernization-carddemo-main/app/jcl/DEFGDGD.jcl,STEP40,IEBGENER,AWS.M2.CARDDEMO.TRANCATG.PS.BKUP,SYSUT2,"NEW,CATLG",Yes,Dataset,Dataset use
DEFGDGD.jcl,aws-mainframe-modernization-carddemo-main/app/jcl/DEFGDGD.jcl,STEP60,IEBGENER,AWS.M2.CARDDEMO.DISCGRP.BKUP,SYSUT2,"NEW,CATLG",Yes,Dataset,Dataset use
DISCGRP.jcl,aws-mainframe-modernization-carddemo-main/app/jcl/DISCGRP.jcl,STEP05,IDCAMS,AWS.M2.CARDDEMO.DISCGRP.VSAM.KSDS,,,Yes,VSAM-KSDS,Dataset use
DISCGRP.jcl,aws-mainframe-modernization-carddemo-main/app/jcl/DISCGRP.jcl,STEP10,IDCAMS,AWS.M2.CARDDEMO.DISCGRP.VSAM.KSDS,,,Yes,VSAM-KSDS,Dataset use
DISCGRP.jcl,aws-mainframe-modernization-carddemo-main/app/jcl/DISCGRP.jcl,STEP15,IDCAMS,AWS.M2.CARDDEMO.DISCGRP.VSAM.KSDS,DISCVSAM,OLD,Yes,VSAM-KSDS,Dataset use
DISCGRP.jcl,aws-mainframe-modernization-carddemo-main/app/jcl/DISCGRP.jcl,STEP15,IDCAMS,AWS.M2.CARDDEMO.DISCGRP.PS,DISCGRP,SHR,Yes,Non-VSAM,Dataset use
DUSRSECJ.jcl,aws-mainframe-modernization-carddemo-main/app/jcl/DUSRSECJ.jcl,PREDEL,IEFBR14,AWS.M2.CARDDEMO.USRSEC.PS,DD01,"MOD,DELETE,DELETE",Yes,Non-VSAM,Dataset use
DUSRSECJ.jcl,aws-mainframe-modernization-carddemo-main/app/jcl/DUSRSECJ.jcl,STEP01,IEBGENER,AWS.M2.CARDDEMO.USRSEC.PS,SYSUT2,"NEW,CATLG,DELETE",Yes,Non-VSAM,Dataset use
DUSRSECJ.jcl,aws-mainframe-modernization-carddemo-main/app/jcl/DUSRSECJ.jcl,STEP03,IDCAMS,AWS.M2.CARDDEMO.USRSEC.PS,IN,SHR,Yes,Non-VSAM,Dataset use
DUSRSECJ.jcl,aws-mainframe-modernization-carddemo-main/app/jcl/DUSRSECJ.jcl,STEP02,IDCAMS,AWS.M2.CARDDEMO.USRSEC.VSAM.KSDS,,,Yes,VSAM-KSDS,Dataset use
DUSRSECJ.jcl,aws-mainframe-modernization-carddemo-main/app/jcl/DUSRSECJ.jcl,STEP03,IDCAMS,AWS.M2.CARDDEMO.USRSEC.VSAM.KSDS,OUT,SHR,Yes,VSAM-KSDS,Dataset use
ESDSRRDS.jcl,aws-mainframe-modernization-carddemo-main/app/jcl/ESDSRRDS.jcl,PREDEL,IEFBR14,AWS.M2.CARDDEMO.ESDSRRDS.PS,DD01,"MOD,DELETE,DELETE",Yes,Dataset,Dataset use
ESDSRRDS.jcl,aws-mainframe-modernization-carddemo-main/app/jcl/ESDSRRDS.jcl,STEP01,IEBGENER,AWS.M2.CARDDEMO.ESDSRRDS.PS,SYSUT2,"NEW,CATLG,DELETE",Yes,Dataset,Dataset use
ESDSRRDS.jcl,aws-mainframe-modernization-carddemo-main/app/jcl/ESDSRRDS.jcl,STEP03,IDCAMS,AWS.M2.CARDDEMO.ESDSRRDS.PS,IN,SHR,Yes,Dataset,Dataset use
ESDSRRDS.jcl,aws-mainframe-modernization-carddemo-main/app/jcl/ESDSRRDS.jcl,STEP05,IDCAMS,AWS.M2.CARDDEMO.ESDSRRDS.PS,IN,SHR,Yes,Dataset,Dataset use
ESDSRRDS.jcl,aws-mainframe-modernization-carddemo-main/app/jcl/ESDSRRDS.jcl,STEP02,IDCAMS,AWS.M2.CARDDEMO.USRSEC.VSAM.ESDS,,,Yes,VSAM ESDS,Dataset use
ESDSRRDS.jcl,aws-mainframe-modernization-carddemo-main/app/jcl/ESDSRRDS.jcl,STEP03,IDCAMS,AWS.M2.CARDDEMO.USRSEC.VSAM.ESDS,OUT,SHR,Yes,VSAM ESDS,Dataset use
ESDSRRDS.jcl,aws-mainframe-modernization-carddemo-main/app/jcl/ESDSRRDS.jcl,STEP04,IDCAMS,AWS.M2.CARDDEMO.USRSEC.VSAM.RRDS,,,Yes,VSAM RRDS,Dataset use
ESDSRRDS.jcl,aws-mainframe-modernization-carddemo-main/app/jcl/ESDSRRDS.jcl,STEP05,IDCAMS,AWS.M2.CARDDEMO.USRSEC.VSAM.RRDS,OUT,SHR,Yes,VSAM RRDS,Dataset use
IMSMQCMP.jcl,aws-mainframe-modernization-carddemo-main/samples/jcl/IMSMQCMP.jcl,LKED,IEWL,CICSTS.CICS.SDFHLOAD,SYSLIB,SHR,Yes,Dataset,Dataset use
IMSMQCMP.jcl,aws-mainframe-modernization-carddemo-main/samples/jcl/IMSMQCMP.jcl,TRN,DFHECP1$,AWS.M2.COBOL.SRC(IMSMQPGM),,SHR,Yes,Dataset,
IMSMQCMP.jcl,aws-mainframe-modernization-carddemo-main/samples/jcl/IMSMQCMP.jcl,COBOL,IGYCRCTL,IMSMQCMP.jcl-&&SYSCIN,,"OLD,DELETE",Yes,Dataset,
IMSMQCMP.jcl,aws-mainframe-modernization-carddemo-main/samples/jcl/IMSMQCMP.jcl,TRN,DFHECP1$,IMSMQCMP.jcl-&&SYSCIN,SYSPUNCH,",PASS",Yes,Dataset,
IMSMQCMP.jcl,aws-mainframe-modernization-carddemo-main/samples/jcl/IMSMQCMP.jcl,COBOL,IGYCRCTL,IMSMQCMP.jcl-&&LOADSET,SYSLIN,"MOD,PASS",Yes,Dataset,
IMSMQCMP.jcl,aws-mainframe-modernization-carddemo-main/samples/jcl/IMSMQCMP.jcl,LKED,IEWL,IMSMQCMP.jcl-&&LOADSET,SYSLIN,"OLD,DELETE",Yes,Dataset,
IMSMQCMP.jcl,aws-mainframe-modernization-carddemo-main/samples/jcl/IMSMQCMP.jcl,LKED,IEWL,IMSMQCMP.jcl-&&COPYLINK,SYSLIN,"OLD,DELETE",Yes,Dataset,
IMSMQCMP.jcl,aws-mainframe-modernization-carddemo-main/samples/jcl/IMSMQCMP.jcl,COPYLINK,IEBGENER,IMSMQCMP.jcl-&&COPYLINK,SYSUT2,"NEW,PASS",Yes,Dataset,
IMSMQCMP.jcl,aws-mainframe-modernization-carddemo-main/samples/jcl/IMSMQCMP.jcl,LKED,IEWL,IMSMQCMP.jcl-&&COPYMQ,SYSLIN,"OLD,DELETE",Yes,Dataset,
IMSMQCMP.jcl,aws-mainframe-modernization-carddemo-main/samples/jcl/IMSMQCMP.jcl,COPYMQ,IEBGENER,IMSMQCMP.jcl-&&COPYMQ,SYSUT2,"NEW,PASS",Yes,Dataset,
IMSMQCMP.jcl,aws-mainframe-modernization-carddemo-main/samples/jcl/IMSMQCMP.jcl,LKED,IEWL,IMSMQCMP.jcl-&&COPYIMS,SYSLIN,"OLD,DELETE",Yes,Dataset,
IMSMQCMP.jcl,aws-mainframe-modernization-carddemo-main/samples/jcl/IMSMQCMP.jcl,COPYIMS,IEBGENER,IMSMQCMP.jcl-&&COPYIMS,SYSUT2,"NEW,PASS",Yes,Dataset,
IMSMQCMP.jcl,aws-mainframe-modernization-carddemo-main/samples/jcl/IMSMQCMP.jcl,COBOL,IGYCRCTL,CEE.SCEESAMP,SYSLIB,SHR,Yes,Dataset,Dataset use
IMSMQCMP.jcl,aws-mainframe-modernization-carddemo-main/samples/jcl/IMSMQCMP.jcl,COBOL,IGYCRCTL,CICSTS.CICS.SDFHCOB,SYSLIB,SHR,Yes,Dataset,Dataset use
IMSMQCMP.jcl,aws-mainframe-modernization-carddemo-main/samples/jcl/IMSMQCMP.jcl,COBOL,IGYCRCTL,MQ.SCSQCOBC,SYSLIB,SHR,Yes,Dataset,Dataset use
IMSMQCMP.jcl,aws-mainframe-modernization-carddemo-main/samples/jcl/IMSMQCMP.jcl,COBOL,IGYCRCTL,AWS.M2.COBCOPY,SYSLIB,SHR,Yes,Dataset,Dataset use
IMSMQCMP.jcl,aws-mainframe-modernization-carddemo-main/samples/jcl/IMSMQCMP.jcl,LKED,IEWL,MQ.SCSQLOAD,SYSLIB,SHR,Yes,Dataset,Dataset use
IMSMQCMP.jcl,aws-mainframe-modernization-carddemo-main/samples/jcl/IMSMQCMP.jcl,LKED,IEWL,MQ.SCSQLOAD,CSQSTUB,SHR,Yes,Dataset,Dataset use
IMSMQCMP.jcl,aws-mainframe-modernization-carddemo-main/samples/jcl/IMSMQCMP.jcl,LKED,IEWL,SYS1.LINKLIB,SYSLIB,SHR,Yes,Dataset,Dataset use
IMSMQCMP.jcl,aws-mainframe-modernization-carddemo-main/samples/jcl/IMSMQCMP.jcl,LKED,IEWL,CEE.SCEELKED,SYSLIB,SHR,Yes,Dataset,Dataset use
IMSMQCMP.jcl,aws-mainframe-modernization-carddemo-main/samples/jcl/IMSMQCMP.jcl,LKED,IEWL,IMS.SDFSRESL,SYSLIB,SHR,Yes,Dataset,Dataset use
IMSMQCMP.jcl,aws-mainframe-modernization-carddemo-main/samples/jcl/IMSMQCMP.jcl,LKED,IEWL,AWS.M2.CICSLOAD(IMSMQPGM),SYSLMOD,SHR,Yes,Dataset,
INTCALC.jcl,aws-mainframe-modernization-carddemo-main/app/jcl/INTCALC.jcl,STEP15,CBACT04C,AWS.M2.CARDDEMO.TCATBALF.VSAM.KSDS,TCATBALF,SHR,No,VSAM-KSDS,Dataset use
INTCALC.jcl,aws-mainframe-modernization-carddemo-main/app/jcl/INTCALC.jcl,STEP15,CBACT04C,AWS.M2.CARDDEMO.CARDXREF.VSAM.KSDS,XREFFILE,SHR,No,VSAM-KSDS,Dataset use
INTCALC.jcl,aws-mainframe-modernization-carddemo-main/app/jcl/INTCALC.jcl,STEP15,CBACT04C,AWS.M2.CARDDEMO.CARDXREF.VSAM.AIX.PATH,XREFFIL1,SHR,No,VSAM-PATH,Dataset use
INTCALC.jcl,aws-mainframe-modernization-carddemo-main/app/jcl/INTCALC.jcl,STEP15,CBACT04C,AWS.M2.CARDDEMO.ACCTDATA.VSAM.KSDS,ACCTFILE,SHR,No,VSAM-KSDS,Dataset use
INTCALC.jcl,aws-mainframe-modernization-carddemo-main/app/jcl/INTCALC.jcl,STEP15,CBACT04C,AWS.M2.CARDDEMO.DISCGRP.VSAM.KSDS,DISCGRP,SHR,No,VSAM-KSDS,Dataset use
INTCALC.jcl,aws-mainframe-modernization-carddemo-main/app/jcl/INTCALC.jcl,STEP15,CBACT04C,AWS.M2.CARDDEMO.SYSTRAN,TRANSACT,"NEW,CATLG,DELETE",No,GDG Base,Dataset use
INTRDRJ1.JCL,aws-mainframe-modernization-carddemo-main/app/jcl/INTRDRJ1.JCL,IDCAMS,IDCAMS,AWS.M2.CARDEMO.FTP.TEST,IN,SHR,Yes,Dataset,Dataset use
INTRDRJ1.JCL,aws-mainframe-modernization-carddemo-main/app/jcl/INTRDRJ1.JCL,IDCAMS,IDCAMS,AWS.M2.CARDEMO.FTP.TEST.BKUP,OUT,SHR,Yes,Dataset,Dataset use
INTRDRJ1.JCL,aws-mainframe-modernization-carddemo-main/app/jcl/INTRDRJ1.JCL,STEP01,IEBGENER,AWS.M2.CARDDEMO.JCL(INTRDRJ2),SYSUT1,SHR,Yes,Non-VSAM,
INTRDRJ2.JCL,aws-mainframe-modernization-carddemo-main/app/jcl/INTRDRJ2.JCL,IDCAMS,IDCAMS,AWS.M2.CARDEMO.FTP.TEST.BKUP,IN,SHR,Yes,Dataset,Dataset use
INTRDRJ2.JCL,aws-mainframe-modernization-carddemo-main/app/jcl/INTRDRJ2.JCL,IDCAMS,IDCAMS,AWS.M2.CARDEMO.FTP.TEST.BKUP.INTRDR,OUT,SHR,Yes,Dataset,Dataset use
LISTCAT.jcl,aws-mainframe-modernization-carddemo-main/samples/jcl/LISTCAT.jcl,STEP01,IEFBR14,AWS.M2.CARDDEMO.LISTCAT,DD1,"MOD,DELETE,DELETE",Yes,Non-VSAM,Dataset use
LISTCAT.jcl,aws-mainframe-modernization-carddemo-main/samples/jcl/LISTCAT.jcl,STEP05,IDCAMS,AWS.M2.CARDDEMO.LISTCAT,SYSPRINT,"NEW,CATLG,DELETE",Yes,Non-VSAM,Dataset use
LOADPADB.JCL,aws-mainframe-modernization-carddemo-main/app/app-authorization-ims-db2-mq/jcl/LOADPADB.JCL,STEP01,DFSRRC00,OEMA.IMS.IMSP.SDFSRESL,DFSRESLB,SHR,Yes,Dataset,Dataset use
LOADPADB.JCL,aws-mainframe-modernization-carddemo-main/app/app-authorization-ims-db2-mq/jcl/LOADPADB.JCL,STEP01,DFSRRC00,OEM.IMS.IMSP.PSBLIB,IMS,SHR,Yes,Dataset,Dataset use
LOADPADB.JCL,aws-mainframe-modernization-carddemo-main/app/app-authorization-ims-db2-mq/jcl/LOADPADB.JCL,STEP01,DFSRRC00,OEM.IMS.IMSP.DBDLIB,IMS,SHR,Yes,Dataset,Dataset use
LOADPADB.JCL,aws-mainframe-modernization-carddemo-main/app/app-authorization-ims-db2-mq/jcl/LOADPADB.JCL,STEP01,DFSRRC00,AWS.M2.CARDDEMO.PAUTDB.ROOT.FILEO,INFILE1,SHR,Yes,Dataset,Dataset use
LOADPADB.JCL,aws-mainframe-modernization-carddemo-main/app/app-authorization-ims-db2-mq/jcl/LOADPADB.JCL,STEP01,DFSRRC00,AWS.M2.CARDDEMO.PAUTDB.CHILD.FILEO,INFILE2,SHR,Yes,Dataset,Dataset use
LOADPADB.JCL,aws-mainframe-modernization-carddemo-main/app/app-authorization-ims-db2-mq/jcl/LOADPADB.JCL,STEP01,DFSRRC00,OEMPP.IMS.V15R01MB.PROCLIB(DFSVSMDB),DFSVSAMP,SHR,Yes,Dataset,
MNTTRDB2.jcl,aws-mainframe-modernization-carddemo-main/app/app-transaction-type-db2/jcl/MNTTRDB2.jcl,STEP1,IKJEFT01,AWS.M2.CARDDEMO.DBRMLIB,DBRMLIB,SHR,Yes,Dataset,Dataset use
MNTTRDB2.jcl,aws-mainframe-modernization-carddemo-main/app/app-transaction-type-db2/jcl/MNTTRDB2.jcl,STEP1,IKJEFT01,INPFILE,INPFILE,SHR,Yes,Dataset,Dataset use
POSTTRAN.jcl,aws-mainframe-modernization-carddemo-main/app/jcl/POSTTRAN.jcl,STEP15,CBTRN02C,AWS.M2.CARDDEMO.TRANSACT.VSAM.KSDS,TRANFILE,SHR,No,VSAM-KSDS,Dataset use
POSTTRAN.jcl,aws-mainframe-modernization-carddemo-main/app/jcl/POSTTRAN.jcl,STEP15,CBTRN02C,AWS.M2.CARDDEMO.DALYTRAN.PS,DALYTRAN,SHR,No,Non-VSAM,Dataset use
POSTTRAN.jcl,aws-mainframe-modernization-carddemo-main/app/jcl/POSTTRAN.jcl,STEP15,CBTRN02C,AWS.M2.CARDDEMO.CARDXREF.VSAM.KSDS,XREFFILE,SHR,No,VSAM-KSDS,Dataset use
POSTTRAN.jcl,aws-mainframe-modernization-carddemo-main/app/jcl/POSTTRAN.jcl,STEP15,CBTRN02C,AWS.M2.CARDDEMO.DALYREJS,DALYREJS,"NEW,CATLG,DELETE",No,GDG Base,Dataset use
POSTTRAN.jcl,aws-mainframe-modernization-carddemo-main/app/jcl/POSTTRAN.jcl,STEP15,CBTRN02C,AWS.M2.CARDDEMO.ACCTDATA.VSAM.KSDS,ACCTFILE,SHR,No,VSAM-KSDS,Dataset use
POSTTRAN.jcl,aws-mainframe-modernization-carddemo-main/app/jcl/POSTTRAN.jcl,STEP15,CBTRN02C,AWS.M2.CARDDEMO.TCATBALF.VSAM.KSDS,TCATBALF,SHR,No,VSAM-KSDS,Dataset use
PRTCATBL.jcl,aws-mainframe-modernization-carddemo-main/app/jcl/PRTCATBL.jcl,DELDEF,IEFBR14,AWS.M2.CARDDEMO.TCATBALF.REPT,THEFILE,"MOD,DELETE",Yes,Non-VSAM,
PRTCATBL.jcl,aws-mainframe-modernization-carddemo-main/app/jcl/PRTCATBL.jcl,STEP10R,SORT,AWS.M2.CARDDEMO.TCATBALF.REPT,SORTOUT,"NEW,CATLG,DELETE",Yes,Non-VSAM,
PRTCATBL.jcl,aws-mainframe-modernization-carddemo-main/app/jcl/PRTCATBL.jcl,STEP05R.PRC001,IDCAMS,AWS.M2.CARDDEMO.TCATBALF.VSAM.KSDS,FILEIN,SHR,Yes,VSAM-KSDS,Dataset use
PRTCATBL.jcl,aws-mainframe-modernization-carddemo-main/app/jcl/PRTCATBL.jcl,STEP05R.PRC001,IDCAMS,AWS.M2.CARDDEMO.TCATBALF.BKUP,FILEOUT,"NEW,CATLG,DELETE",Yes,GDG Base,Dataset use
PRTCATBL.jcl,aws-mainframe-modernization-carddemo-main/app/jcl/PRTCATBL.jcl,STEP10R,SORT,AWS.M2.CARDDEMO.TCATBALF.BKUP,SORTIN,SHR,Yes,GDG Base,Dataset use
PRTCATBL.jcl,aws-mainframe-modernization-carddemo-main/app/jcl/PRTCATBL.jcl,STEP05R.PRC001,IDCAMS,AWS.M2.CARDDEMO.CNTL(REPROCT),,SHR,Yes,Non-VSAM,
READACCT.jcl,aws-mainframe-modernization-carddemo-main/app/jcl/READACCT.jcl,PREDEL,IEFBR14,AWS.M2.CARDDEMO.ACCTDATA.PSCOMP,DD01,"MOD,DELETE,DELETE",Yes,Dataset,
READACCT.jcl,aws-mainframe-modernization-carddemo-main/app/jcl/READACCT.jcl,STEP05,CBACT01C,AWS.M2.CARDDEMO.ACCTDATA.PSCOMP,OUTFILE,"NEW,CATLG,DELETE",No,Dataset,
READACCT.jcl,aws-mainframe-modernization-carddemo-main/app/jcl/READACCT.jcl,PREDEL,IEFBR14,AWS.M2.CARDDEMO.ACCTDATA.ARRYPS,DD02,"MOD,DELETE,DELETE",Yes,Dataset,
READACCT.jcl,aws-mainframe-modernization-carddemo-main/app/jcl/READACCT.jcl,STEP05,CBACT01C,AWS.M2.CARDDEMO.ACCTDATA.ARRYPS,ARRYFILE,"NEW,CATLG,DELETE",No,Dataset,
READACCT.jcl,aws-mainframe-modernization-carddemo-main/app/jcl/READACCT.jcl,PREDEL,IEFBR14,AWS.M2.CARDDEMO.ACCTDATA.VBPS,DD03,"MOD,DELETE,DELETE",Yes,Dataset,
READACCT.jcl,aws-mainframe-modernization-carddemo-main/app/jcl/READACCT.jcl,STEP05,CBACT01C,AWS.M2.CARDDEMO.ACCTDATA.VBPS,VBRCFILE,"NEW,CATLG,DELETE",No,Dataset,
READACCT.jcl,aws-mainframe-modernization-carddemo-main/app/jcl/READACCT.jcl,STEP05,CBACT01C,AWS.M2.CARDDEMO.ACCTDATA.VSAM.KSDS,ACCTFILE,SHR,No,VSAM-KSDS,Dataset use
READCARD.jcl,aws-mainframe-modernization-carddemo-main/app/jcl/READCARD.jcl,STEP05,CBACT02C,AWS.M2.CARDDEMO.CARDDATA.VSAM.KSDS,CARDFILE,SHR,No,VSAM-KSDS,Dataset use
READCUST.jcl,aws-mainframe-modernization-carddemo-main/app/jcl/READCUST.jcl,STEP05,CBCUS01C,AWS.M2.CARDDEMO.CUSTDATA.VSAM.KSDS,CUSTFILE,SHR,No,VSAM-KSDS,Dataset use
READXREF.jcl,aws-mainframe-modernization-carddemo-main/app/jcl/READXREF.jcl,STEP05,CBACT03C,AWS.M2.CARDDEMO.CARDXREF.VSAM.KSDS,XREFFILE,SHR,No,VSAM-KSDS,Dataset use
REPRTEST.jcl,aws-mainframe-modernization-carddemo-main/samples/jcl/REPRTEST.jcl,STEP05.PRC001,IDCAMS,AWS.M2.CARDDEMO.TRANSACT.VSAM.KSDS,FILEIN,SHR,Yes,VSAM-KSDS,Dataset use
REPRTEST.jcl,aws-mainframe-modernization-carddemo-main/samples/jcl/REPRTEST.jcl,STEP05.PRC001,IDCAMS,AWS.M2.CARDDEMO.TRANSACT.BKUP,FILEOUT,"NEW,CATLG,DELETE",Yes,GDG Base,Dataset use
REPRTEST.jcl,aws-mainframe-modernization-carddemo-main/samples/jcl/REPRTEST.jcl,STEP05.PRC001,IDCAMS,AWS.M2.CARDDEMO.CNTL(REPROCT),,SHR,Yes,Non-VSAM,
REPTFILE.jcl,aws-mainframe-modernization-carddemo-main/app/jcl/REPTFILE.jcl,STEP05,IDCAMS,AWS.M2.CARDDEMO.TRANREPT,,,Yes,GDG Base,
SORTTEST.jcl,aws-mainframe-modernization-carddemo-main/samples/jcl/SORTTEST.jcl,STEP05R,SORT,AWS.M2.CARDDEMO.TRANSACT.BKUP,SORTIN,SHR,Yes,GDG Base,Dataset use
SORTTEST.jcl,aws-mainframe-modernization-carddemo-main/samples/jcl/SORTTEST.jcl,STEP05R,SORT,AWS.M2.CARDDEMO.TRANSACT.DALY,SORTOUT,"NEW,CATLG,DELETE",Yes,GDG Base,Dataset use
TCATBALF.jcl,aws-mainframe-modernization-carddemo-main/app/jcl/TCATBALF.jcl,STEP05,IDCAMS,AWS.M2.CARDDEMO.TCATBALF.VSAM.KSDS,,,Yes,VSAM-KSDS,Dataset use
TCATBALF.jcl,aws-mainframe-modernization-carddemo-main/app/jcl/TCATBALF.jcl,STEP10,IDCAMS,AWS.M2.CARDDEMO.TCATBALF.VSAM.KSDS,,,Yes,VSAM-KSDS,Dataset use
TCATBALF.jcl,aws-mainframe-modernization-carddemo-main/app/jcl/TCATBALF.jcl,STEP15,IDCAMS,AWS.M2.CARDDEMO.TCATBALF.VSAM.KSDS,TCATBALV,OLD,Yes,VSAM-KSDS,Dataset use
TCATBALF.jcl,aws-mainframe-modernization-carddemo-main/app/jcl/TCATBALF.jcl,STEP15,IDCAMS,AWS.M2.CARDDEMO.TCATBALF.PS,TCATBAL,SHR,Yes,Non-VSAM,Dataset use
TRANBKP.jcl,aws-mainframe-modernization-carddemo-main/app/jcl/TRANBKP.jcl,STEP05R.PRC001,IDCAMS,AWS.M2.CARDDEMO.TRANSACT.VSAM.KSDS,FILEIN,SHR,Yes,VSAM-KSDS,Dataset use
TRANBKP.jcl,aws-mainframe-modernization-carddemo-main/app/jcl/TRANBKP.jcl,STEP05,IDCAMS,AWS.M2.CARDDEMO.TRANSACT.VSAM.KSDS,,,Yes,VSAM-KSDS,Dataset use
TRANBKP.jcl,aws-mainframe-modernization-carddemo-main/app/jcl/TRANBKP.jcl,STEP10,IDCAMS,AWS.M2.CARDDEMO.TRANSACT.VSAM.KSDS,,,Yes,VSAM-KSDS,Dataset use
TRANBKP.jcl,aws-mainframe-modernization-carddemo-main/app/jcl/TRANBKP.jcl,STEP05R.PRC001,IDCAMS,AWS.M2.CARDDEMO.TRANSACT.BKUP,FILEOUT,"NEW,CATLG,DELETE",Yes,GDG Base,Dataset use
TRANBKP.jcl,aws-mainframe-modernization-carddemo-main/app/jcl/TRANBKP.jcl,STEP05R.PRC001,IDCAMS,AWS.M2.CARDDEMO.CNTL(REPROCT),,SHR,Yes,Non-VSAM,
TRANBKP.jcl,aws-mainframe-modernization-carddemo-main/app/jcl/TRANBKP.jcl,STEP05,IDCAMS,AWS.M2.CARDDEMO.TRANSACT.VSAM.AIX,,,Yes,VSAM-AIX,
TRANCATG.jcl,aws-mainframe-modernization-carddemo-main/app/jcl/TRANCATG.jcl,STEP05,IDCAMS,AWS.M2.CARDDEMO.TRANCATG.VSAM.KSDS,,,Yes,VSAM-KSDS,Dataset use
TRANCATG.jcl,aws-mainframe-modernization-carddemo-main/app/jcl/TRANCATG.jcl,STEP10,IDCAMS,AWS.M2.CARDDEMO.TRANCATG.VSAM.KSDS,,,Yes,VSAM-KSDS,Dataset use
TRANCATG.jcl,aws-mainframe-modernization-carddemo-main/app/jcl/TRANCATG.jcl,STEP15,IDCAMS,AWS.M2.CARDDEMO.TRANCATG.VSAM.KSDS,TCATVSAM,OLD,Yes,VSAM-KSDS,Dataset use
TRANCATG.jcl,aws-mainframe-modernization-carddemo-main/app/jcl/TRANCATG.jcl,STEP15,IDCAMS,AWS.M2.CARDDEMO.TRANCATG.PS,TRANCATG,SHR,Yes,Non-VSAM,Dataset use
TRANEXTR.jcl,aws-mainframe-modernization-carddemo-main/app/app-transaction-type-db2/jcl/TRANEXTR.jcl,,,CARDDEMO.TRANSACTION_TYPE:CARDSPC1:CARDDEMO,,,,Database,"Create, Select"
TRANEXTR.jcl,aws-mainframe-modernization-carddemo-main/app/app-transaction-type-db2/jcl/TRANEXTR.jcl,,,CARDDEMO.TRANSACTION_TYPE_CATEGORY:CARDSTTC:CARDDEMO,,,,Database,"Create, Select"
TRANEXTR.jcl,aws-mainframe-modernization-carddemo-main/app/app-transaction-type-db2/jcl/TRANEXTR.jcl,STEP10,IEBGENER,AWS.M2.CARDDEMO.TRANTYPE.PS,SYSUT1,SHR,Yes,Non-VSAM,Dataset use
TRANEXTR.jcl,aws-mainframe-modernization-carddemo-main/app/app-transaction-type-db2/jcl/TRANEXTR.jcl,STEP30,IEFBR14,AWS.M2.CARDDEMO.TRANTYPE.PS,DD01,"MOD,DELETE,DELETE",Yes,Non-VSAM,Dataset use
TRANEXTR.jcl,aws-mainframe-modernization-carddemo-main/app/app-transaction-type-db2/jcl/TRANEXTR.jcl,STEP40,IKJEFT01,AWS.M2.CARDDEMO.TRANTYPE.PS,SYSREC00,"NEW,CATLG,DELETE",Yes,Non-VSAM,Dataset use
TRANEXTR.jcl,aws-mainframe-modernization-carddemo-main/app/app-transaction-type-db2/jcl/TRANEXTR.jcl,STEP20,IEBGENER,AWS.M2.CARDDEMO.TRANCATG.PS,SYSUT1,SHR,Yes,Non-VSAM,Dataset use
TRANEXTR.jcl,aws-mainframe-modernization-carddemo-main/app/app-transaction-type-db2/jcl/TRANEXTR.jcl,STEP30,IEFBR14,AWS.M2.CARDDEMO.TRANCATG.PS,DD02,"MOD,DELETE,DELETE",Yes,Non-VSAM,Dataset use
TRANEXTR.jcl,aws-mainframe-modernization-carddemo-main/app/app-transaction-type-db2/jcl/TRANEXTR.jcl,STEP50,IKJEFT01,AWS.M2.CARDDEMO.TRANCATG.PS,SYSREC00,"NEW,CATLG,DELETE",Yes,Non-VSAM,Dataset use
TRANEXTR.jcl,aws-mainframe-modernization-carddemo-main/app/app-transaction-type-db2/jcl/TRANEXTR.jcl,STEP10,IEBGENER,AWS.M2.CARDDEMO.TRANTYPE.BKUP,SYSUT2,"NEW,CATLG",Yes,Dataset,Dataset use
TRANEXTR.jcl,aws-mainframe-modernization-carddemo-main/app/app-transaction-type-db2/jcl/TRANEXTR.jcl,STEP20,IEBGENER,AWS.M2.CARDDEMO.TRANCATG.PS.BKUP,SYSUT2,"NEW,CATLG",Yes,Dataset,Dataset use
TRANFILE.jcl,aws-mainframe-modernization-carddemo-main/app/jcl/TRANFILE.jcl,STEP05,IDCAMS,AWS.M2.CARDDEMO.TRANSACT.VSAM.KSDS,,,Yes,VSAM-KSDS,Dataset use
TRANFILE.jcl,aws-mainframe-modernization-carddemo-main/app/jcl/TRANFILE.jcl,STEP10,IDCAMS,AWS.M2.CARDDEMO.TRANSACT.VSAM.KSDS,,,Yes,VSAM-KSDS,Dataset use
TRANFILE.jcl,aws-mainframe-modernization-carddemo-main/app/jcl/TRANFILE.jcl,STEP15,IDCAMS,AWS.M2.CARDDEMO.TRANSACT.VSAM.KSDS,TRANVSAM,SHR,Yes,VSAM-KSDS,Dataset use
TRANFILE.jcl,aws-mainframe-modernization-carddemo-main/app/jcl/TRANFILE.jcl,STEP05,IDCAMS,AWS.M2.CARDDEMO.TRANSACT.VSAM.AIX,,,Yes,VSAM-AIX,
TRANFILE.jcl,aws-mainframe-modernization-carddemo-main/app/jcl/TRANFILE.jcl,STEP20,IDCAMS,AWS.M2.CARDDEMO.TRANSACT.VSAM.AIX,,,Yes,VSAM-AIX,
TRANFILE.jcl,aws-mainframe-modernization-carddemo-main/app/jcl/TRANFILE.jcl,STEP25,IDCAMS,AWS.M2.CARDDEMO.TRANSACT.VSAM.AIX.PATH,,,Yes,VSAM-PATH,
TRANFILE.jcl,aws-mainframe-modernization-carddemo-main/app/jcl/TRANFILE.jcl,STEP15,IDCAMS,AWS.M2.CARDDEMO.DALYTRAN.PS.INIT,TRANSACT,SHR,Yes,Non-VSAM,Dataset use
TRANIDX.jcl,aws-mainframe-modernization-carddemo-main/app/jcl/TRANIDX.jcl,STEP20,IDCAMS,AWS.M2.CARDDEMO.TRANSACT.VSAM.AIX,,,Yes,VSAM-AIX,
TRANIDX.jcl,aws-mainframe-modernization-carddemo-main/app/jcl/TRANIDX.jcl,STEP25,IDCAMS,AWS.M2.CARDDEMO.TRANSACT.VSAM.AIX.PATH,,,Yes,VSAM-PATH,
TRANREPT.jcl,aws-mainframe-modernization-carddemo-main/app/jcl/TRANREPT.jcl,STEP05R.PRC001,IDCAMS,AWS.M2.CARDDEMO.TRANSACT.VSAM.KSDS,FILEIN,SHR,Yes,VSAM-KSDS,Dataset use
TRANREPT.jcl,aws-mainframe-modernization-carddemo-main/app/jcl/TRANREPT.jcl,STEP05R.PRC001,IDCAMS,AWS.M2.CARDDEMO.TRANSACT.BKUP,FILEOUT,"NEW,CATLG,DELETE",Yes,GDG Base,Dataset use
TRANREPT.jcl,aws-mainframe-modernization-carddemo-main/app/jcl/TRANREPT.jcl,STEP05R,SORT,AWS.M2.CARDDEMO.TRANSACT.BKUP,SORTIN,SHR,Yes,GDG Base,Dataset use
TRANREPT.jcl,aws-mainframe-modernization-carddemo-main/app/jcl/TRANREPT.jcl,STEP05R.PRC001,IDCAMS,AWS.M2.CARDDEMO.CNTL(REPROCT),,SHR,Yes,Non-VSAM,
TRANREPT.jcl,aws-mainframe-modernization-carddemo-main/app/jcl/TRANREPT.jcl,STEP05R,SORT,AWS.M2.CARDDEMO.TRANSACT.DALY,SORTOUT,"NEW,CATLG,DELETE",Yes,GDG Base,Dataset use
TRANREPT.jcl,aws-mainframe-modernization-carddemo-main/app/jcl/TRANREPT.jcl,STEP10R,CBTRN03C,AWS.M2.CARDDEMO.TRANSACT.DALY,TRANFILE,SHR,No,GDG Base,Dataset use
TRANREPT.jcl,aws-mainframe-modernization-carddemo-main/app/jcl/TRANREPT.jcl,STEP10R,CBTRN03C,AWS.M2.CARDDEMO.CARDXREF.VSAM.KSDS,CARDXREF,SHR,No,VSAM-KSDS,Dataset use
TRANREPT.jcl,aws-mainframe-modernization-carddemo-main/app/jcl/TRANREPT.jcl,STEP10R,CBTRN03C,AWS.M2.CARDDEMO.TRANTYPE.VSAM.KSDS,TRANTYPE,SHR,No,VSAM-KSDS,Dataset use
TRANREPT.jcl,aws-mainframe-modernization-carddemo-main/app/jcl/TRANREPT.jcl,STEP10R,CBTRN03C,AWS.M2.CARDDEMO.TRANCATG.VSAM.KSDS,TRANCATG,SHR,No,VSAM-KSDS,Dataset use
TRANREPT.jcl,aws-mainframe-modernization-carddemo-main/app/jcl/TRANREPT.jcl,STEP10R,CBTRN03C,AWS.M2.CARDDEMO.DATEPARM,DATEPARM,SHR,No,Non-VSAM,Dataset use
TRANREPT.jcl,aws-mainframe-modernization-carddemo-main/app/jcl/TRANREPT.jcl,STEP10R,CBTRN03C,AWS.M2.CARDDEMO.TRANREPT,TRANREPT,"NEW,CATLG,DELETE",No,GDG Base,Dataset use
TRANTYPE.jcl,aws-mainframe-modernization-carddemo-main/app/jcl/TRANTYPE.jcl,STEP05,IDCAMS,AWS.M2.CARDDEMO.TRANTYPE.VSAM.KSDS,,,Yes,VSAM-KSDS,Dataset use
TRANTYPE.jcl,aws-mainframe-modernization-carddemo-main/app/jcl/TRANTYPE.jcl,STEP10,IDCAMS,AWS.M2.CARDDEMO.TRANTYPE.VSAM.KSDS,,,Yes,VSAM-KSDS,Dataset use
TRANTYPE.jcl,aws-mainframe-modernization-carddemo-main/app/jcl/TRANTYPE.jcl,STEP15,IDCAMS,AWS.M2.CARDDEMO.TRANTYPE.VSAM.KSDS,TTYPVSAM,OLD,Yes,VSAM-KSDS,Dataset use
TRANTYPE.jcl,aws-mainframe-modernization-carddemo-main/app/jcl/TRANTYPE.jcl,STEP15,IDCAMS,AWS.M2.CARDDEMO.TRANTYPE.PS,TRANTYPE,SHR,Yes,Non-VSAM,Dataset use
TXT2PDF1.JCL,aws-mainframe-modernization-carddemo-main/app/jcl/TXT2PDF1.JCL,TXT2PDF,IKJEFT1B,AWS.M2.LBD.TXT2PDF.EXEC,SYSEXEC,SHR,Yes,Dataset,Dataset use
TXT2PDF1.JCL,aws-mainframe-modernization-carddemo-main/app/jcl/TXT2PDF1.JCL,TXT2PDF,IKJEFT1B,AWS.M2.CARDDEMO.STATEMNT.PS,INDD,SHR,Yes,Dataset,Dataset use
UNLDGSAM.JCL,aws-mainframe-modernization-carddemo-main/app/app-authorization-ims-db2-mq/jcl/UNLDGSAM.JCL,STEP01,DFSRRC00,OEMA.IMS.IMSP.SDFSRESL,DFSRESLB,SHR,Yes,Dataset,Dataset use
UNLDGSAM.JCL,aws-mainframe-modernization-carddemo-main/app/app-authorization-ims-db2-mq/jcl/UNLDGSAM.JCL,STEP01,DFSRRC00,OEM.IMS.IMSP.PSBLIB,IMS,SHR,Yes,Dataset,Dataset use
UNLDGSAM.JCL,aws-mainframe-modernization-carddemo-main/app/app-authorization-ims-db2-mq/jcl/UNLDGSAM.JCL,STEP01,DFSRRC00,OEM.IMS.IMSP.DBDLIB,IMS,SHR,Yes,Dataset,Dataset use
UNLDGSAM.JCL,aws-mainframe-modernization-carddemo-main/app/app-authorization-ims-db2-mq/jcl/UNLDGSAM.JCL,STEP01,DFSRRC00,AWS.M2.CARDDEMO.PAUTDB.ROOT.GSAM,PASFILOP,"OLD,KEEP,KEEP",Yes,Dataset,Dataset use
UNLDGSAM.JCL,aws-mainframe-modernization-carddemo-main/app/app-authorization-ims-db2-mq/jcl/UNLDGSAM.JCL,STEP01,DFSRRC00,AWS.M2.CARDDEMO.PAUTDB.CHILD.GSAM,PADFILOP,"OLD,KEEP,KEEP",Yes,Dataset,Dataset use
UNLDGSAM.JCL,aws-mainframe-modernization-carddemo-main/app/app-authorization-ims-db2-mq/jcl/UNLDGSAM.JCL,STEP01,DFSRRC00,OEM.IMS.IMSP.PAUTHDB,DDPAUTP0,SHR,Yes,Dataset,Dataset use
UNLDGSAM.JCL,aws-mainframe-modernization-carddemo-main/app/app-authorization-ims-db2-mq/jcl/UNLDGSAM.JCL,STEP01,DFSRRC00,OEM.IMS.IMSP.PAUTHDBX,DDPAUTX0,SHR,Yes,Dataset,Dataset use
UNLDGSAM.JCL,aws-mainframe-modernization-carddemo-main/app/app-authorization-ims-db2-mq/jcl/UNLDGSAM.JCL,STEP01,DFSRRC00,OEMPP.IMS.V15R01MB.PROCLIB(DFSVSMDB),DFSVSAMP,SHR,Yes,Dataset,
UNLDPADB.JCL,aws-mainframe-modernization-carddemo-main/app/app-authorization-ims-db2-mq/jcl/UNLDPADB.JCL,STEP0,IEFBR14,AWS.M2.CARDDEMO.PAUTDB.ROOT.FILEO,DD1,"OLD,DELETE,DELETE",Yes,Dataset,Dataset use
UNLDPADB.JCL,aws-mainframe-modernization-carddemo-main/app/app-authorization-ims-db2-mq/jcl/UNLDPADB.JCL,STEP01,DFSRRC00,AWS.M2.CARDDEMO.PAUTDB.ROOT.FILEO,OUTFIL1,"NEW,CATLG,DELETE",Yes,Dataset,Dataset use
UNLDPADB.JCL,aws-mainframe-modernization-carddemo-main/app/app-authorization-ims-db2-mq/jcl/UNLDPADB.JCL,STEP0,IEFBR14,AWS.M2.CARDDEMO.PAUTDB.CHILD.FILEO,DD2,"OLD,DELETE,DELETE",Yes,Dataset,Dataset use
UNLDPADB.JCL,aws-mainframe-modernization-carddemo-main/app/app-authorization-ims-db2-mq/jcl/UNLDPADB.JCL,STEP01,DFSRRC00,AWS.M2.CARDDEMO.PAUTDB.CHILD.FILEO,OUTFIL2,"NEW,CATLG,DELETE",Yes,Dataset,Dataset use
UNLDPADB.JCL,aws-mainframe-modernization-carddemo-main/app/app-authorization-ims-db2-mq/jcl/UNLDPADB.JCL,STEP01,DFSRRC00,OEMA.IMS.IMSP.SDFSRESL,DFSRESLB,SHR,Yes,Dataset,Dataset use
UNLDPADB.JCL,aws-mainframe-modernization-carddemo-main/app/app-authorization-ims-db2-mq/jcl/UNLDPADB.JCL,STEP01,DFSRRC00,OEM.IMS.IMSP.PSBLIB,IMS,SHR,Yes,Dataset,Dataset use
UNLDPADB.JCL,aws-mainframe-modernization-carddemo-main/app/app-authorization-ims-db2-mq/jcl/UNLDPADB.JCL,STEP01,DFSRRC00,OEM.IMS.IMSP.DBDLIB,IMS,SHR,Yes,Dataset,Dataset use
UNLDPADB.JCL,aws-mainframe-modernization-carddemo-main/app/app-authorization-ims-db2-mq/jcl/UNLDPADB.JCL,STEP01,DFSRRC00,OEM.IMS.IMSP.PAUTHDB,DDPAUTP0,SHR,Yes,Dataset,Dataset use
UNLDPADB.JCL,aws-mainframe-modernization-carddemo-main/app/app-authorization-ims-db2-mq/jcl/UNLDPADB.JCL,STEP01,DFSRRC00,OEM.IMS.IMSP.PAUTHDBX,DDPAUTX0,SHR,Yes,Dataset,Dataset use
UNLDPADB.JCL,aws-mainframe-modernization-carddemo-main/app/app-authorization-ims-db2-mq/jcl/UNLDPADB.JCL,STEP01,DFSRRC00,OEMPP.IMS.V15R01MB.PROCLIB(DFSVSMDB),DFSVSAMP,SHR,Yes,Dataset,
XREFFILE.jcl,aws-mainframe-modernization-carddemo-main/app/jcl/XREFFILE.jcl,STEP05,IDCAMS,AWS.M2.CARDDEMO.CARDXREF.VSAM.KSDS,,,Yes,VSAM-KSDS,Dataset use
XREFFILE.jcl,aws-mainframe-modernization-carddemo-main/app/jcl/XREFFILE.jcl,STEP10,IDCAMS,AWS.M2.CARDDEMO.CARDXREF.VSAM.KSDS,,,Yes,VSAM-KSDS,Dataset use
XREFFILE.jcl,aws-mainframe-modernization-carddemo-main/app/jcl/XREFFILE.jcl,STEP15,IDCAMS,AWS.M2.CARDDEMO.CARDXREF.VSAM.KSDS,XREFVSAM,SHR,Yes,VSAM-KSDS,Dataset use
XREFFILE.jcl,aws-mainframe-modernization-carddemo-main/app/jcl/XREFFILE.jcl,STEP05,IDCAMS,AWS.M2.CARDDEMO.CARDXREF.VSAM.AIX,,,Yes,VSAM-AIX,
XREFFILE.jcl,aws-mainframe-modernization-carddemo-main/app/jcl/XREFFILE.jcl,STEP20,IDCAMS,AWS.M2.CARDDEMO.CARDXREF.VSAM.AIX,,,Yes,VSAM-AIX,
XREFFILE.jcl,aws-mainframe-modernization-carddemo-main/app/jcl/XREFFILE.jcl,STEP25,IDCAMS,AWS.M2.CARDDEMO.CARDXREF.VSAM.AIX.PATH,,,Yes,VSAM-PATH,
XREFFILE.jcl,aws-mainframe-modernization-carddemo-main/app/jcl/XREFFILE.jcl,STEP15,IDCAMS,AWS.M2.CARDDEMO.CARDXREF.PS,XREFDATA,SHR,Yes,Non-VSAM,Dataset use
